URL,Last crawled
https://mantrapuja.com/author/Rajesh Verma,2026-05-17
https://mantrapuja.com/author/Pandit Ravi Shastri,2026-05-17
"https://www.mantrapuja.com/contact?subject=Custom Ritual in Trimbakeshwar 
(Nashik)",2026-05-16
https://www.mantrapuja.com/community,2026-05-16
https://www.mantrapuja.com/author/Acharya Meera,2026-05-16
https://mantrapuja.com/author/Kashyap Acharya,2026-05-16
http://www.mantrapuja.com/&,2026-05-16
https://www.mantrapuja.com/&,2026-05-16
http://www.mantrapuja.com/$,2026-05-16
https://www.mantrapuja.com/$,2026-05-16
http://www.mantrapuja.com/chat,2026-05-16
https://www.mantrapuja.com/chat,2026-05-16
https://mantrapuja.com/contact?subject=Custom Ritual in Badrinath,2026-05-15
https://www.mantrapuja.com/blog/राम-जन्म-भूमि-के-उत्तरपूर,2026-05-11
https://www.mantrapuja.com/blog/मोदी-जी-ने-कहा-घर-घर-पहुंचे,2026-05-11
https://www.mantrapuja.com/blog/कृष्ण-चालीसा,2026-05-11
https://www.mantrapuja.com/blog/अयोध्या-के-राम-मंदिर-के-गर,2026-05-11
https://www.mantrapuja.com/blog/राम-मंदिर-अयोध्या-का-पूरा,2026-05-11
https://www.mantrapuja.com/blog/अयोध्या-का-श्री-राम-मंदिर-2,2026-05-11
https://www.mantrapuja.com/blog/राम-मंदिर-अयोध्या-मूर्ति,2026-05-11
https://www.mantrapuja.com/blog/अयोध्या-का-श्री-राम-मंदिर,2026-05-11
https://www.mantrapuja.com/blog/अयोध्या-कांड-रामचरितमानस,2026-05-11
https://mantrapuja.com/products/addToWishList,2026-05-11
https://www.mantrapuja.com/contact?subject=Custom Ritual in Kohima,2026-05-11
http://mantrapuja.com/home,2026-05-08
https://mantrapuja.com/home,2026-05-08
https://mantrapuja.com/blog/how-to-navigate-the-crowds-and-chaos-of-big-holi-festivals/,2026-05-08
https://mantrapuja.com/blog/how-kashi-vishvanath-unveils-varanasis-spiritual-essence/,2026-05-07
https://mantrapuja.com/blog/why-holis-vibrant-colors-symbolize-more-than-just-fun/,2026-05-07
https://mantrapuja.com/blog/ramnavami-fasting-for-peace-and-prosperity,2026-05-07
https://mantrapuja.com/blog/ramnavami-fasting-for-peace-and-prosperity/,2026-05-07
https://mantrapuja.com/blog/what-baisakhi-teaches-us-about-the-value-of-community-fostering-unity-through-shared-rituals/,2026-05-07
https://mantrapuja.com/blog/where-gudi-padwa-transforms-cities-witnessing-vibrant-street-celebrations/,2026-05-07
https://mantrapuja.com/blog/how-stories-and-miracles-at-golden-temple-amritsar-illuminate-its-history,2026-05-06
https://mantrapuja.com/blog/how-stories-and-miracles-at-golden-temple-amritsar-illuminate-its-history/,2026-05-06
https://mantrapuja.com/blog/when-gudi-padwa-transforms-ordinary-days-into-extraordinary-celebrations-infusing-life-with-festive-spirit,2026-05-06
https://mantrapuja.com/blog/when-gudi-padwa-transforms-ordinary-days-into-extraordinary-celebrations-infusing-life-with-festive-spirit/,2026-05-06
"https://www.mantrapuja.com/contact?subject=Custom Ritual in Varanasi 
(Vishalakshi)",2026-05-06
"https://www.mantrapuja.com/contact?subject=Custom Ritual in Prayagraj 
(Alopi Devi)",2026-05-05
https://mantrapuja.com/blog/how-to-discover-kashi-vishvanath-history-architecture/,2026-05-05
https://mantrapuja.com/blog/how-baglamukhi-chalisa-enriches-bhakti-yoga-practice,2026-05-04
https://mantrapuja.com/blog/how-baglamukhi-chalisa-enriches-bhakti-yoga-practice/,2026-05-04
https://www.mantrapuja.com/contact?subject=Custom Ritual in Kamakhya,2026-05-03
https://mantrapuja.com/blog/what-makes-gudi-padwa-unique-among-hindu-festivals-unraveling-its-mystique/,2026-05-03
https://www.mantrapuja.com/contact?subject=Custom Ritual in Rajkot,2026-05-03
https://mantrapuja.com/blog/what-makes-gudi-padwa-unique-among-hindu-festivals-unraveling-its-mystique,2026-05-02
https://mantrapuja.com/blog/how-baglamukhi-chalisas-verses-symbolize-devotees-lives/,2026-05-02
https://mantrapuja.com/blog/how-to-discover-kashi-vishvanath-history-architecture,2026-05-02
https://mantrapuja.com/blog/how-to-capture-stunning-photographs-of-the-golden-temple-its-surroundings-in-amritsar,2026-05-01
https://mantrapuja.com/blog/how-to-capture-stunning-photographs-of-the-golden-temple-its-surroundings-in-amritsar/,2026-05-01
https://mantrapuja.com/blog/how-baglamukhi-chalisas-verses-symbolize-devotees-lives,2026-05-01
https://mantrapuja.com/blog/what-ramnavami-teaches-us-about-loyalty-remaining-faithful-to-ones-duties-and-relationships/,2026-05-01
https://mantrapuja.com/blog/how-the-golden-temple-amritsar-earned-its-status-as-the-holiest-sikh-shrine,2026-04-30
https://mantrapuja.com/blog/how-the-golden-temple-amritsar-earned-its-status-as-the-holiest-sikh-shrine/,2026-04-30
https://mantrapuja.com/blog/celebrating-victory-over-evil-the-significance-of-dussehra-pooja,2026-04-29
https://mantrapuja.com/blog/celebrating-victory-over-evil-the-significance-of-dussehra-pooja/,2026-04-29
https://mantrapuja.com/blog/how-to-choose-the-right-materials-for-holi-pooja-for-maximum-spiritual-benefit,2026-04-28
https://mantrapuja.com/blog/how-to-choose-the-right-materials-for-holi-pooja-for-maximum-spiritual-benefit/,2026-04-28
https://mantrapuja.com/blog/when-ramnavami-pooja-vidhi-includes-performing-rudra-abhishekam-bathing-lord-ramas-idol-with-sacred-waters-and-offerings-2/,2026-04-28
https://mantrapuja.com/blog/when-ramnavami-pooja-vidhi-includes-recitation-of-ram-raksha-stotram-seeking-lord-ramas-protection,2026-04-28
https://mantrapuja.com/blog/when-ramnavami-pooja-vidhi-includes-recitation-of-ram-raksha-stotram-seeking-lord-ramas-protection/,2026-04-28
https://mantrapuja.com/blog/ramnavami-fasting-benefits,2026-04-28
https://mantrapuja.com/blog/ramnavami-fasting-benefits/,2026-04-28
https://mantrapuja.com/blog/what-ramnavami-teaches-us-about-loyalty-remaining-faithful-to-ones-duties-and-relationships,2026-04-28
https://mantrapuja.com/blog/when-did-gudi-padwa-rituals-get-recognized-as-intangible-cultural-heritage,2026-04-27
https://mantrapuja.com/blog/when-did-gudi-padwa-rituals-get-recognized-as-intangible-cultural-heritage/,2026-04-27
https://mantrapuja.com/blog/how-kashi-vishvanath-temple-shapes-hindu-mythology,2026-04-27
https://mantrapuja.com/blog/how-kashi-vishvanath-temple-shapes-hindu-mythology/,2026-04-27
https://mantrapuja.com/blog/when-ramnavami-pooja-vidhi-includes-performing-rudra-abhishekam-bathing-lord-ramas-idol-with-sacred-waters-and-offerings-2,2026-04-27
https://mantrapuja.com/blog/how-gudi-padwa-celebrations-foster-spiritual-growth-insights-from-religious-practices,2026-04-27
https://mantrapuja.com/blog/how-gudi-padwa-celebrations-foster-spiritual-growth-insights-from-religious-practices/,2026-04-27
https://mantrapuja.com/blog/what-gudi-padwa-means-for-cultural-preservation-safeguarding-heritage-for-posterity/,2026-04-27
https://mantrapuja.com/blog/how-ramnavami-festivals-promote-environmental-awareness-educating-communities-about-the-importance-of-sustainable-living-and-eco-friendly-practices,2026-04-26
https://mantrapuja.com/blog/how-ramnavami-festivals-promote-environmental-awareness-educating-communities-about-the-importance-of-sustainable-living-and-eco-friendly-practices/,2026-04-26
https://mantrapuja.com/blog/how-lord-bhairavs-valor-in-bhairav-chalisa-ignites-devotion,2026-04-26
https://mantrapuja.com/blog/how-lord-bhairavs-valor-in-bhairav-chalisa-ignites-devotion/,2026-04-26
https://mantrapuja.com/blog/where-gudi-padwa-embodies-community-spirit-engaging-in-collective-festivities,2026-04-26
https://mantrapuja.com/blog/where-gudi-padwa-embodies-community-spirit-engaging-in-collective-festivities/,2026-04-26
https://mantrapuja.com/blog/where-ramnavami-festivities-take-place-around-the-world-exploring-global-observances,2026-04-26
https://mantrapuja.com/blog/where-ramnavami-festivities-take-place-around-the-world-exploring-global-observances/,2026-04-26
https://mantrapuja.com/blog/what-gudi-padwa-means-for-cultural-preservation-safeguarding-heritage-for-posterity,2026-04-26
https://mantrapuja.com/blog/why-holi-encourages-us-to-embrace-our-true-colors,2026-04-25
https://mantrapuja.com/blog/why-holi-encourages-us-to-embrace-our-true-colors/,2026-04-25
https://mantrapuja.com/blog/how-ramnavami-inspires-bhakti-deepening-devotion-through-prayer-and-meditation,2026-04-25
https://mantrapuja.com/blog/how-ramnavami-inspires-bhakti-deepening-devotion-through-prayer-and-meditation/,2026-04-25
https://mantrapuja.com/blog/ramnavami-katha-in-bhojpuri,2026-04-25
https://mantrapuja.com/blog/ramnavami-katha-in-bhojpuri/,2026-04-25
https://mantrapuja.com/blog/how-to-join-langar-seva-at-golden-temple-amritsar,2026-04-24
https://mantrapuja.com/blog/how-to-join-langar-seva-at-golden-temple-amritsar/,2026-04-24
https://mantrapuja.com/blog/when-ramnavami-pooja-vidhi-includes-recitation-of-ram-bhujangam-stotram-singing-hymns-of-praise-to-lord-ramas-glorious-form-and-attributes,2026-04-24
https://mantrapuja.com/blog/when-ramnavami-pooja-vidhi-includes-recitation-of-ram-bhujangam-stotram-singing-hymns-of-praise-to-lord-ramas-glorious-form-and-attributes/,2026-04-24
https://mantrapuja.com/blog/how-gudi-padwa-celebrations-honor-ancestral-wisdom-remembering-those-who-came-before,2026-04-24
https://mantrapuja.com/blog/how-gudi-padwa-celebrations-honor-ancestral-wisdom-remembering-those-who-came-before/,2026-04-24
https://mantrapuja.com/blog/how-to-choose-hanuman-chalisa-compatible-devotional-songs-bhajans,2026-04-24
https://mantrapuja.com/blog/how-to-choose-hanuman-chalisa-compatible-devotional-songs-bhajans/,2026-04-24
https://mantrapuja.com/blog/how-hanuman-chalisa-strengthens-new-ventures-insights-revealed/,2026-04-23
https://mantrapuja.com/blog/how-regular-hanuman-chalisa-recitation-empowers-devotees,2026-04-21
https://mantrapuja.com/blog/how-regular-hanuman-chalisa-recitation-empowers-devotees/,2026-04-21
https://mantrapuja.com/blog/when-baisakhi-festivities-overflow-with-music-reveling-in-traditional-folk-songs-and-melodies/,2026-04-21
https://mantrapuja.com/blog/how-baisakhi-celebrations-spread-joy-and-happiness-infusing-communities-with-cheer,2026-04-21
https://mantrapuja.com/blog/how-baisakhi-celebrations-spread-joy-and-happiness-infusing-communities-with-cheer/,2026-04-21
https://mantrapuja.com/blog/where-to-taste-authentic-punjabi-cuisine-for-baisakhi-food-festivals-and-restaurants,2026-04-21
https://mantrapuja.com/blog/where-to-taste-authentic-punjabi-cuisine-for-baisakhi-food-festivals-and-restaurants/,2026-04-21
https://mantrapuja.com/blog/how-gudi-padwa-celebrations-promote-gender-equality,2026-04-21
https://mantrapuja.com/blog/how-gudi-padwa-celebrations-promote-gender-equality/,2026-04-21
https://mantrapuja.com/blog/when-gudi-padwa-transcends-generations-passing-down-stories-and-rituals,2026-04-21
https://mantrapuja.com/blog/when-gudi-padwa-transcends-generations-passing-down-stories-and-rituals/,2026-04-21
https://mantrapuja.com/blog/why-holi-celebrations-differ-across-india-regional-variations-explained,2026-04-21
https://mantrapuja.com/blog/why-holi-celebrations-differ-across-india-regional-variations-explained/,2026-04-21
https://mantrapuja.com/blog/what-ramnavami-teaches-us-about-compassionate-living-extending-love-and-kindness-to-all-beings,2026-04-20
https://mantrapuja.com/blog/what-ramnavami-teaches-us-about-compassionate-living-extending-love-and-kindness-to-all-beings/,2026-04-20
https://mantrapuja.com/blog/when-baisakhi-festivities-overflow-with-music-reveling-in-traditional-folk-songs-and-melodies,2026-04-20
https://mantrapuja.com/blog/ramnavami-fasting-rules-for-elderly,2026-04-20
https://mantrapuja.com/blog/how-golden-temple-amritsar-became-the-heart-of-sikh-faith,2026-04-20
https://mantrapuja.com/blog/how-golden-temple-amritsar-became-the-heart-of-sikh-faith/,2026-04-20
https://mantrapuja.com/blog/how-bhairav-chalisa-culturally-unites-regions-traditions-explored,2026-04-20
https://mantrapuja.com/blog/how-bhairav-chalisa-culturally-unites-regions-traditions-explored/,2026-04-20
https://mantrapuja.com/blog/how-historical-context-illuminates-hanuman-chalisas-origins,2026-04-20
https://mantrapuja.com/blog/how-historical-context-illuminates-hanuman-chalisas-origins/,2026-04-20
https://mantrapuja.com/blog/when-is-gudi-padwa-celebrated-and-why,2026-04-19
https://mantrapuja.com/blog/when-is-gudi-padwa-celebrated-and-why/,2026-04-19
https://mantrapuja.com/blog/what-are-the-religious-practices-associated-with-baisakhi-puja-and-prayer-rituals,2026-04-19
https://mantrapuja.com/blog/what-are-the-religious-practices-associated-with-baisakhi-puja-and-prayer-rituals/,2026-04-19
https://mantrapuja.com/blog/when-baisakhi-rituals-commemorate-historical-events-remembering-milestones-in-sikh-history,2026-04-19
https://mantrapuja.com/blog/when-baisakhi-rituals-commemorate-historical-events-remembering-milestones-in-sikh-history/,2026-04-19
https://mantrapuja.com/blog/where-gudi-padwa-promotes-wellness-incorporating-health-into-festivities,2026-04-19
https://mantrapuja.com/blog/where-gudi-padwa-promotes-wellness-incorporating-health-into-festivities/,2026-04-19
https://mantrapuja.com/blog/how-the-golden-temple-amritsar-provides-tranquil-solace,2026-04-19
https://mantrapuja.com/blog/how-the-golden-temple-amritsar-provides-tranquil-solace/,2026-04-19
https://mantrapuja.com/blog/how-kashi-vishvanath-temple-fosters-spiritual-awakening,2026-04-19
https://mantrapuja.com/blog/how-kashi-vishvanath-temple-fosters-spiritual-awakening/,2026-04-19
https://mantrapuja.com/blog/how-hanuman-chalisa-ushers-in-modern-interpretations,2026-04-19
https://mantrapuja.com/blog/how-hanuman-chalisa-ushers-in-modern-interpretations/,2026-04-19
https://mantrapuja.com/blog/what-gudi-padwa-represents-for-future-generations-sustaining-cultural-legacy,2026-04-19
https://mantrapuja.com/blog/what-gudi-padwa-represents-for-future-generations-sustaining-cultural-legacy/,2026-04-19
https://mantrapuja.com/blog/when-did-baisakhi-celebrations-extend-to-urban-centers-urbanization-of-festive-traditions,2026-04-19
https://mantrapuja.com/blog/when-did-baisakhi-celebrations-extend-to-urban-centers-urbanization-of-festive-traditions/,2026-04-19
https://mantrapuja.com/blog/how-to-perform-ganesh-pooja-a-step-by-step-guide,2026-04-18
https://mantrapuja.com/blog/how-to-perform-ganesh-pooja-a-step-by-step-guide/,2026-04-18
https://mantrapuja.com/blog/exploring-the-epic-narrative-insights-into-the-ramayan,2026-04-18
https://mantrapuja.com/blog/exploring-the-epic-narrative-insights-into-the-ramayan/,2026-04-18
https://mantrapuja.com/blog/maha-shivratri-mahurat,2026-04-18
https://mantrapuja.com/blog/maha-shivratri-mahurat/,2026-04-18
https://mantrapuja.com/blog/ramnavami-fasting-for-devotees,2026-04-18
https://mantrapuja.com/blog/ramnavami-fasting-for-devotees/,2026-04-18
https://mantrapuja.com/blog/how-baglamukhi-chalisa-empowers-spiritual-evolution,2026-04-18
https://mantrapuja.com/blog/how-baglamukhi-chalisa-empowers-spiritual-evolution/,2026-04-18
https://mantrapuja.com/blog/how-bhakti-enhances-hanuman-chalisa-recitation-unveiling-the-power,2026-04-18
https://mantrapuja.com/blog/how-bhakti-enhances-hanuman-chalisa-recitation-unveiling-the-power/,2026-04-18
https://mantrapuja.com/blog/when-gudi-padwa-evokes-nostalgia-recalling-fond-memories-of-past-celebrations,2026-04-18
https://mantrapuja.com/blog/when-gudi-padwa-evokes-nostalgia-recalling-fond-memories-of-past-celebrations/,2026-04-18
https://mantrapuja.com/blog/where-gudi-padwa-ignites-the-spirit-of-giving-acts-of-charity-and-generosity,2026-04-18
https://mantrapuja.com/blog/where-gudi-padwa-ignites-the-spirit-of-giving-acts-of-charity-and-generosity/,2026-04-18
https://mantrapuja.com/blog/where-baisakhi-celebrations-honor-ancestral-wisdom-paying-tribute-to-forebearers,2026-04-17
https://mantrapuja.com/blog/where-baisakhi-celebrations-honor-ancestral-wisdom-paying-tribute-to-forebearers/,2026-04-17
https://mantrapuja.com/blog/how-golden-temple-amritsar-implements-inspiring-community-services,2026-04-17
https://mantrapuja.com/blog/how-golden-temple-amritsar-implements-inspiring-community-services/,2026-04-17
https://mantrapuja.com/blog/where-baisakhi-bonfires-illuminate-the-night-sky-experiencing-rituals-of-purification,2026-04-17
https://mantrapuja.com/blog/where-baisakhi-bonfires-illuminate-the-night-sky-experiencing-rituals-of-purification/,2026-04-17
https://mantrapuja.com/blog/when-ramnavami-pooja-vidhi-includes-offering-akshat-to-lord-rama-presenting-rice-grains-as-symbols-of-purity-and-prosperity,2026-04-17
https://mantrapuja.com/blog/when-ramnavami-pooja-vidhi-includes-offering-akshat-to-lord-rama-presenting-rice-grains-as-symbols-of-purity-and-prosperity/,2026-04-17
https://mantrapuja.com/blog/how-hanuman-chalisa-enhances-rituals-for-protection-and-prosperity,2026-04-17
https://mantrapuja.com/blog/how-hanuman-chalisa-enhances-rituals-for-protection-and-prosperity/,2026-04-17
https://mantrapuja.com/blog/how-the-golden-temple-amritsar-became-a-sacred-icon/,2026-04-17
https://mantrapuja.com/products/removeCartItem,2026-04-16
https://mantrapuja.com/blog/ramnavami-katha-in-maithili,2026-04-16
https://mantrapuja.com/blog/ramnavami-katha-in-maithili/,2026-04-16
https://mantrapuja.com/blog/what-gudi-padwa-means-for-women-exploring-gender-roles-and-empowerment,2026-04-15
https://mantrapuja.com/blog/what-gudi-padwa-means-for-women-exploring-gender-roles-and-empowerment/,2026-04-15
https://mantrapuja.com/blog/how-to-safely-begin-baglamukhi-chalisa-key-precautions,2026-04-15
https://mantrapuja.com/blog/how-to-safely-begin-baglamukhi-chalisa-key-precautions/,2026-04-15
https://mantrapuja.com/blog/how-gudi-padwa-reminds-us-of-cultural-heritage-preserving-the-rich-tapestry-of-tradition,2026-04-14
https://mantrapuja.com/blog/how-gudi-padwa-reminds-us-of-cultural-heritage-preserving-the-rich-tapestry-of-tradition/,2026-04-14
https://mantrapuja.com/blog/how-to-plan-a-day-trip-to-golden-temple-amritsar-from-nearby-cities,2026-04-14
https://mantrapuja.com/blog/how-to-plan-a-day-trip-to-golden-temple-amritsar-from-nearby-cities/,2026-04-14
https://mantrapuja.com/blog/where-gudi-padwa-radiates-with-joy-spreading-happiness-in-every-corner,2026-04-14
https://mantrapuja.com/blog/where-gudi-padwa-radiates-with-joy-spreading-happiness-in-every-corner/,2026-04-14
https://mantrapuja.com/blog/when-gudi-padwa-arrives-understanding-the-timing-and-significance-of-the-festival,2026-04-14
https://mantrapuja.com/blog/when-gudi-padwa-arrives-understanding-the-timing-and-significance-of-the-festival/,2026-04-14
https://mantrapuja.com/blog/how-visitors-benefit-from-golden-temple-amritsars-facilities/,2026-04-14
https://mantrapuja.com/blog/how-bhairav-chalisa-unveils-symbolic-meanings-exploring-language-and-verses-2,2026-04-13
https://mantrapuja.com/blog/how-bhairav-chalisa-unveils-symbolic-meanings-exploring-language-and-verses-2/,2026-04-13
https://mantrapuja.com/blog/what-are-the-economic-effects-of-gudi-padwa-festivities,2026-04-13
https://mantrapuja.com/blog/what-are-the-economic-effects-of-gudi-padwa-festivities/,2026-04-13
https://mantrapuja.com/blog/title-how-golden-temple-amritsar-transforms-lives-a-profound-experience,2026-04-13
https://mantrapuja.com/blog/title-how-golden-temple-amritsar-transforms-lives-a-profound-experience/,2026-04-13
https://mantrapuja.com/blog/how-golden-temple-amritsar-elevates-every-travelers-bucket-list,2026-04-13
https://mantrapuja.com/blog/how-golden-temple-amritsar-elevates-every-travelers-bucket-list/,2026-04-13
https://mantrapuja.com/blog/how-visitors-benefit-from-golden-temple-amritsars-facilities,2026-04-13
https://mantrapuja.com/blog/what-baisakhi-signifies-in-sikhism-exploring-the-religious-meaning-behind-the-festival,2026-04-12
https://mantrapuja.com/blog/what-baisakhi-signifies-in-sikhism-exploring-the-religious-meaning-behind-the-festival/,2026-04-12
https://www.mantrapuja.com/contact?subject=Custom Ritual in Vadodara,2026-04-12
https://mantrapuja.com/blog/how-baisakhi-strengthens-community-bonds-building-relationships-through-festive-spirit,2026-04-12
https://mantrapuja.com/blog/how-baisakhi-strengthens-community-bonds-building-relationships-through-festive-spirit/,2026-04-12
https://mantrapuja.com/blog/how-bhairav-chalisa-came-to-be-unveiling-its-origin-history,2026-04-12
https://mantrapuja.com/blog/how-bhairav-chalisa-came-to-be-unveiling-its-origin-history/,2026-04-12
https://mantrapuja.com/blog/when-gudi-padwa-resonates-with-generations-passing-down-wisdom-through-stories,2026-04-12
https://mantrapuja.com/blog/when-gudi-padwa-resonates-with-generations-passing-down-wisdom-through-stories/,2026-04-12
https://mantrapuja.com/blog/why-the-legend-of-holika-offers-valuable-life-lessons,2026-04-11
https://mantrapuja.com/blog/why-the-legend-of-holika-offers-valuable-life-lessons/,2026-04-11
https://mantrapuja.com/blog/history-of-sri-jagannath-puri-temple-in-odisha,2026-04-11
https://mantrapuja.com/blog/history-of-sri-jagannath-puri-temple-in-odisha/,2026-04-11
https://mantrapuja.com/blog/embracing-devotion-the-significance-of-sawan-somvar-vrat-katha-in-hindu-tradition,2026-04-11
https://mantrapuja.com/blog/embracing-devotion-the-significance-of-sawan-somvar-vrat-katha-in-hindu-tradition/,2026-04-11
https://mantrapuja.com/blog/how-to-discover-golden-temple-amritsars-architectural-marvels,2026-04-11
https://mantrapuja.com/blog/how-to-discover-golden-temple-amritsars-architectural-marvels/,2026-04-11
https://mantrapuja.com/blog/how-baisakhi-festivals-spark-creativity-inspiring-art-crafts-and-decorations,2026-04-11
https://mantrapuja.com/blog/how-baisakhi-festivals-spark-creativity-inspiring-art-crafts-and-decorations/,2026-04-11
https://mantrapuja.com/blog/how-to-celebrate-gudi-padwa,2026-04-11
https://mantrapuja.com/blog/how-to-celebrate-gudi-padwa/,2026-04-11
https://mantrapuja.com/blog/how-baglamukhi-chalisa-unlocks-obstacle-removal-powers,2026-04-11
https://mantrapuja.com/blog/how-baglamukhi-chalisa-unlocks-obstacle-removal-powers/,2026-04-11
https://mantrapuja.com/blog/ramnavami-fasting-for-good-health,2026-04-11
https://mantrapuja.com/blog/ramnavami-fasting-for-good-health/,2026-04-11
https://mantrapuja.com/blog/how-to-celebrate-holi-in-a-way-that-honors-its-deep-historical-roots,2026-04-11
https://mantrapuja.com/blog/how-to-celebrate-holi-in-a-way-that-honors-its-deep-historical-roots/,2026-04-11
https://mantrapuja.com/blog/when-did-gudi-padwa-tradition-begin,2026-04-10
https://mantrapuja.com/blog/when-did-gudi-padwa-tradition-begin/,2026-04-10
https://mantrapuja.com/blog/how-golden-temple-amritsar-shaped-sikh-history-historical-accounts/,2026-04-10
https://mantrapuja.com/blog/how-gudi-padwa-reflects-the-essence-of-springtime/,2026-04-10
https://mantrapuja.com/blog/where-gudi-padwa-elevates-artistry-showcasing-traditional-crafts-and-performances,2026-04-10
https://mantrapuja.com/blog/where-gudi-padwa-elevates-artistry-showcasing-traditional-crafts-and-performances/,2026-04-10
https://mantrapuja.com/blog/how-bhairav-chalisa-reveals-powerful-symbolic-meanings,2026-04-10
https://mantrapuja.com/blog/how-bhairav-chalisa-reveals-powerful-symbolic-meanings/,2026-04-10
https://mantrapuja.com/blog/unlocking-spiritual-benefits-the-power-of-observing-ekadashi-vrat,2026-04-09
https://mantrapuja.com/blog/unlocking-spiritual-benefits-the-power-of-observing-ekadashi-vrat/,2026-04-09
https://mantrapuja.com/blog/when-ramnavami-aarti-fills-hearts-with-devotion-creating-an-atmosphere-of-spiritual-bliss,2026-04-09
https://mantrapuja.com/blog/when-ramnavami-aarti-fills-hearts-with-devotion-creating-an-atmosphere-of-spiritual-bliss/,2026-04-09
https://mantrapuja.com/blog/how-to-experience-daily-life-at-golden-temple-amritsar-golden-temple-amritsar-guide,2026-04-09
https://mantrapuja.com/blog/how-to-experience-daily-life-at-golden-temple-amritsar-golden-temple-amritsar-guide/,2026-04-09
https://mantrapuja.com/blog/how-to-explore-kashi-vishvanath-temples-ghats-efficiently,2026-04-09
https://mantrapuja.com/blog/how-to-explore-kashi-vishvanath-temples-ghats-efficiently/,2026-04-09
https://www.mantrapuja.com/contact?subject=Custom Ritual in Jabalpur,2026-04-09
https://www.mantrapuja.com/contact?subject=Custom Ritual in Bharatpur,2026-04-09
https://mantrapuja.com/blog/how-to-prepare-for-holika-dahan-tips-for-a-safe-and-spiritual-evening,2026-04-09
https://mantrapuja.com/blog/how-to-prepare-for-holika-dahan-tips-for-a-safe-and-spiritual-evening/,2026-04-09
https://mantrapuja.com/blog/how-gudi-padwa-reflects-the-essence-of-springtime,2026-04-09
https://mantrapuja.com/pricingPolicy,2026-04-09
https://mantrapuja.com/blog/when-gudi-padwa-embraces-digital-connectivity-engaging-in-virtual-celebrations,2026-04-09
https://mantrapuja.com/blog/when-gudi-padwa-embraces-digital-connectivity-engaging-in-virtual-celebrations/,2026-04-09
https://mantrapuja.com/blog/history-of-tarapith-temple,2026-04-09
https://mantrapuja.com/blog/history-of-tarapith-temple/,2026-04-09
https://mantrapuja.com/blog/how-to-explore-sikhisms-rich-history-philosophy-at-golden-temple-amritsar/,2026-04-09
https://mantrapuja.com/blog/what-foods-to-enjoy-during-holi-traditional-and-modern-recipes,2026-04-09
https://mantrapuja.com/blog/what-foods-to-enjoy-during-holi-traditional-and-modern-recipes/,2026-04-09
https://mantrapuja.com/blog/why-holi-encourages-creativity-in-art-and-expression,2026-04-08
https://mantrapuja.com/blog/why-holi-encourages-creativity-in-art-and-expression/,2026-04-08
https://mantrapuja.com/blog/how-hanuman-chalisa-fosters-gratitude-devotion,2026-04-08
https://mantrapuja.com/blog/how-hanuman-chalisa-fosters-gratitude-devotion/,2026-04-08
https://mantrapuja.com/blog/where-to-volunteer-for-baisakhi-community-service-activities-giving-back-during-the-festival,2026-04-08
https://mantrapuja.com/blog/where-to-volunteer-for-baisakhi-community-service-activities-giving-back-during-the-festival/,2026-04-08
https://mantrapuja.com/blog/how-to-channel-bhairavs-divine-energy-with-chalisa-recitation,2026-04-08
https://mantrapuja.com/blog/how-to-channel-bhairavs-divine-energy-with-chalisa-recitation/,2026-04-08
https://mantrapuja.com/blog/history-of-belur-math-in-kolkata-2,2026-04-08
https://mantrapuja.com/blog/history-of-belur-math-in-kolkata-2/,2026-04-08
https://mantrapuja.com/blog/what-are-the-common-misconceptions-about-holi-and-how-to-address-them,2026-04-08
https://mantrapuja.com/blog/what-are-the-common-misconceptions-about-holi-and-how-to-address-them/,2026-04-08
https://mantrapuja.com/blog/celebrating-tradition-the-vibrant-festivities-of-durga-puja,2026-04-08
https://mantrapuja.com/blog/celebrating-tradition-the-vibrant-festivities-of-durga-puja/,2026-04-08
https://mantrapuja.com/blog/when-ramnavami-pooja-vidhi-includes-offering-dhruva-grass-to-lord-rama-paying-homage-to-the-sacred-symbol-of-stability-and-devotion,2026-04-08
https://mantrapuja.com/blog/when-ramnavami-pooja-vidhi-includes-offering-dhruva-grass-to-lord-rama-paying-homage-to-the-sacred-symbol-of-stability-and-devotion/,2026-04-08
https://mantrapuja.com/blog/how-bhairav-chalisa-became-a-revered-devotional-powerhouse,2026-04-08
https://mantrapuja.com/blog/how-bhairav-chalisa-became-a-revered-devotional-powerhouse/,2026-04-08
https://mantrapuja.com/blog/how-a-visit-to-golden-temple-amritsar-transforms-lives-golden-temple-amritsar,2026-04-08
https://mantrapuja.com/blog/how-a-visit-to-golden-temple-amritsar-transforms-lives-golden-temple-amritsar/,2026-04-08
https://mantrapuja.com/blog/how-bhairav-chalisa-boosts-mental-clarity-effects-revealed,2026-04-08
https://mantrapuja.com/blog/how-bhairav-chalisa-boosts-mental-clarity-effects-revealed/,2026-04-08
https://mantrapuja.com/blog/how-gudi-padwa-nourishes-the-soul-connecting-with-spiritual-essence,2026-04-08
https://mantrapuja.com/blog/how-gudi-padwa-nourishes-the-soul-connecting-with-spiritual-essence/,2026-04-08
https://mantrapuja.com/blog/how-to-respectfully-participate-in-holi-as-an-outsider,2026-04-08
https://mantrapuja.com/blog/how-to-respectfully-participate-in-holi-as-an-outsider/,2026-04-08
https://www.mantrapuja.com/contact?subject=Custom Ritual in Hyderabad,2026-04-08
https://www.mantrapuja.com/contact?subject=Custom Ritual in Puri,2026-04-08
https://mantrapuja.com/blog/how-to-explore-souvenirs-near-golden-temple-amritsar/,2026-04-08
"https://www.mantrapuja.com/contact?subject=Custom Ritual in Rameswaram 
Jyotirlinga",2026-04-07
https://mantrapuja.com/blog/history-of-shore-temple-in-mahabalipuram-2,2026-04-07
https://mantrapuja.com/blog/history-of-shore-temple-in-mahabalipuram-2/,2026-04-07
https://mantrapuja.com/blog/about-me,2026-04-07
https://mantrapuja.com/blog/about-me/,2026-04-07
https://mantrapuja.com/blog/maha-shivratri-upvas-prakriya,2026-04-07
https://mantrapuja.com/blog/maha-shivratri-upvas-prakriya/,2026-04-07
https://mantrapuja.com/blog/how-ramnavami-festivals-promote-cultural-exchange-and-dialogue-celebrating-diversity-and-unity-in-community,2026-04-07
https://mantrapuja.com/blog/how-ramnavami-festivals-promote-cultural-exchange-and-dialogue-celebrating-diversity-and-unity-in-community/,2026-04-07
https://mantrapuja.com/blog/ramnavami-celebration-in-temples-in-kolkata,2026-04-07
https://mantrapuja.com/blog/ramnavami-celebration-in-temples-in-kolkata/,2026-04-07
https://mantrapuja.com/blog/how-to-explore-sikhisms-rich-history-philosophy-at-golden-temple-amritsar,2026-04-07
https://mantrapuja.com/blog/where-ramnavami-festivals-showcase-rama-leelas-enacting-dramatic-retellings-of-lord-ramas-life,2026-04-07
https://mantrapuja.com/blog/where-ramnavami-festivals-showcase-rama-leelas-enacting-dramatic-retellings-of-lord-ramas-life/,2026-04-07
https://mantrapuja.com/blog/why-celebrating-holi-can-lead-to-a-deeper-appreciation-of-nature,2026-04-07
https://mantrapuja.com/blog/why-celebrating-holi-can-lead-to-a-deeper-appreciation-of-nature/,2026-04-07
https://mantrapuja.com/blog/how-golden-temple-amritsar-architecture-symbolizes-religious-significance,2026-04-07
https://mantrapuja.com/blog/how-golden-temple-amritsar-architecture-symbolizes-religious-significance/,2026-04-07
https://mantrapuja.com/blog/what-are-the-spiritual-significance-of-baisakhi-deepening-connection-with-faith,2026-04-07
https://mantrapuja.com/blog/what-are-the-spiritual-significance-of-baisakhi-deepening-connection-with-faith/,2026-04-07
https://mantrapuja.com/blog/when-ramnavami-aarti-ushers-in-a-sense-of-serenity-and-tranquility-creating-a-sacred-atmosphere-for-spiritual-worship,2026-04-07
https://mantrapuja.com/blog/when-ramnavami-aarti-ushers-in-a-sense-of-serenity-and-tranquility-creating-a-sacred-atmosphere-for-spiritual-worship/,2026-04-07
https://mantrapuja.com/blog/how-baisakhi-celebrations-support-online-photography-competitions-capturing-festive-moments-virtually,2026-04-07
https://mantrapuja.com/blog/how-baisakhi-celebrations-support-online-photography-competitions-capturing-festive-moments-virtually/,2026-04-07
https://mantrapuja.com/blog/how-to-connect-with-the-divine-through-holi-pooja-vidhi,2026-04-07
https://mantrapuja.com/blog/how-to-connect-with-the-divine-through-holi-pooja-vidhi/,2026-04-07
https://mantrapuja.com/blog/how-bhairav-chalisa-facilitates-karmic-healing-insights-and-impact,2026-04-06
https://mantrapuja.com/blog/how-bhairav-chalisa-facilitates-karmic-healing-insights-and-impact/,2026-04-06
https://mantrapuja.com/blog/how-holi-enhances-social-connectivity-and-well-being,2026-04-06
https://mantrapuja.com/blog/how-holi-enhances-social-connectivity-and-well-being/,2026-04-06
https://mantrapuja.com/blog/how-architectural-influences-shape-golden-temple-amritsar,2026-04-06
https://mantrapuja.com/blog/how-architectural-influences-shape-golden-temple-amritsar/,2026-04-06
https://mantrapuja.com/blog/where-baisakhi-celebrations-embrace-the-diversity-of-punjabi-folklore-highlighting-regional-variations,2026-04-06
https://mantrapuja.com/blog/where-baisakhi-celebrations-embrace-the-diversity-of-punjabi-folklore-highlighting-regional-variations/,2026-04-06
https://mantrapuja.com/blog/ramnavami-prasad-recipes,2026-04-06
https://mantrapuja.com/blog/ramnavami-prasad-recipes/,2026-04-06
https://mantrapuja.com/blog/title-how-hanuman-chalisa-transforms-inner-rituals-unveiling-its-power,2026-04-06
https://mantrapuja.com/blog/title-how-hanuman-chalisa-transforms-inner-rituals-unveiling-its-power/,2026-04-06
https://mantrapuja.com/blog/why-holi-is-an-important-festival-for-environmental-awareness,2026-04-06
https://mantrapuja.com/blog/why-holi-is-an-important-festival-for-environmental-awareness/,2026-04-06
https://mantrapuja.com/blog/how-golden-temple-amritsar-hosts-diverse-festivals,2026-04-06
https://mantrapuja.com/blog/how-golden-temple-amritsar-hosts-diverse-festivals/,2026-04-06
https://mantrapuja.com/blog/how-to-plan-a-holi-celebration-thats-fun-for-introverts,2026-04-06
https://mantrapuja.com/blog/how-to-plan-a-holi-celebration-thats-fun-for-introverts/,2026-04-06
https://mantrapuja.com/blog/history-of-angkor-wat-temple-in-cambodia-2,2026-04-06
https://mantrapuja.com/blog/history-of-angkor-wat-temple-in-cambodia-2/,2026-04-06
https://mantrapuja.com/blog/how-to-enhance-baglamukhi-chalisa-recitation-devotional-practices,2026-04-06
https://mantrapuja.com/blog/how-to-enhance-baglamukhi-chalisa-recitation-devotional-practices/,2026-04-06
https://mantrapuja.com/blog/what-foods-to-avoid-during-holi-upvas-prakriya-for-optimal-health,2026-04-06
https://mantrapuja.com/blog/what-foods-to-avoid-during-holi-upvas-prakriya-for-optimal-health/,2026-04-06
https://mantrapuja.com/blog/title-how-baglamukhi-chalisa-empowers-those-confronting-legal-issues,2026-04-06
https://mantrapuja.com/blog/title-how-baglamukhi-chalisa-empowers-those-confronting-legal-issues/,2026-04-06
https://mantrapuja.com/blog/where-ramnavami-celebrations-include-rangoli-competitions-and-decorative-displays-adorning-homes-temples-and-communities-with-colorful-patterns-and-designs,2026-04-06
https://mantrapuja.com/blog/where-ramnavami-celebrations-include-rangoli-competitions-and-decorative-displays-adorning-homes-temples-and-communities-with-colorful-patterns-and-designs/,2026-04-06
https://mantrapuja.com/blog/how-hanuman-chalisa-enhances-hanuman-jayanti-tuesday-devotion,2026-04-06
https://mantrapuja.com/blog/how-hanuman-chalisa-enhances-hanuman-jayanti-tuesday-devotion/,2026-04-06
https://mantrapuja.com/blog/exploring-the-epic-saga-unveiling-the-mysteries-of-the-ramayan/,2026-04-06
https://mantrapuja.com/blog/exploring-the-sacred-texts-an-insight-into-the-shiv-mahapuran,2026-04-05
https://mantrapuja.com/blog/exploring-the-sacred-texts-an-insight-into-the-shiv-mahapuran/,2026-04-05
https://mantrapuja.com/blog/how-golden-temple-amritsar-exemplifies-peace-harmony,2026-04-05
https://mantrapuja.com/blog/how-golden-temple-amritsar-exemplifies-peace-harmony/,2026-04-05
https://mantrapuja.com/blog/how-golden-temple-amritsar-influences-sikh-festivals/,2026-04-05
https://mantrapuja.com/blog/how-to-invoke-lord-hanumans-blessings-with-hanuman-chalisa,2026-04-05
https://mantrapuja.com/blog/how-to-invoke-lord-hanumans-blessings-with-hanuman-chalisa/,2026-04-05
https://mantrapuja.com/blog/how-baglamukhi-chalisa-empowers-devotees-daily-role-benefits,2026-04-05
https://mantrapuja.com/blog/how-baglamukhi-chalisa-empowers-devotees-daily-role-benefits/,2026-04-05
https://mantrapuja.com/blog/how-to-offer-prayers-inside-golden-temple-amritsar,2026-04-05
https://mantrapuja.com/blog/how-to-offer-prayers-inside-golden-temple-amritsar/,2026-04-05
https://mantrapuja.com/blog/unveiling-the-mysteries-of-rudrabhishek-puja-a-guide-to-divine-worship,2026-04-05
https://mantrapuja.com/blog/unveiling-the-mysteries-of-rudrabhishek-puja-a-guide-to-divine-worship/,2026-04-05
https://mantrapuja.com/blog/how-hanuman-chalisa-fosters-gratitude-role-in-devotion,2026-04-05
https://mantrapuja.com/blog/how-hanuman-chalisa-fosters-gratitude-role-in-devotion/,2026-04-05
https://mantrapuja.com/blog/what-are-the-spiritual-practices-associated-with-holi,2026-04-05
https://mantrapuja.com/blog/what-are-the-spiritual-practices-associated-with-holi/,2026-04-05
https://mantrapuja.com/blog/how-golden-temple-amritsar-inspires-through-selfless-service,2026-04-05
https://mantrapuja.com/blog/how-golden-temple-amritsar-inspires-through-selfless-service/,2026-04-05
https://mantrapuja.com/blog/where-ramnavami-pooja-vidhi-involves-elaborate-rituals-performing-worship-with-devotion,2026-04-05
https://mantrapuja.com/blog/where-ramnavami-pooja-vidhi-involves-elaborate-rituals-performing-worship-with-devotion/,2026-04-05
https://mantrapuja.com/blog/how-to-respectfully-participate-in-holi-as-a-non-hindu,2026-04-05
https://mantrapuja.com/blog/how-to-respectfully-participate-in-holi-as-a-non-hindu/,2026-04-05
https://mantrapuja.com/blog/ramnavami-fasting-for-spiritual-purification,2026-04-05
https://mantrapuja.com/blog/ramnavami-fasting-for-spiritual-purification/,2026-04-05
https://mantrapuja.com/blog/unlocking-the-mysteries-of-the-mahabharat-an-epic-retold,2026-04-05
https://mantrapuja.com/blog/unlocking-the-mysteries-of-the-mahabharat-an-epic-retold/,2026-04-05
https://mantrapuja.com/blog/बगलामुखी-चालीसा-की-महिमा,2026-04-05
https://mantrapuja.com/blog/बगलामुखी-चालीसा-की-महिमा/,2026-04-05
https://mantrapuja.com/blog/exploring-the-divine-rhythms-a-deep-dive-into-the-shiv-tandav-stotram,2026-04-05
https://mantrapuja.com/blog/exploring-the-divine-rhythms-a-deep-dive-into-the-shiv-tandav-stotram/,2026-04-05
https://mantrapuja.com/blog/how-silence-at-golden-temple-amritsar-enhances-the-sacred-experience,2026-04-05
https://mantrapuja.com/blog/how-silence-at-golden-temple-amritsar-enhances-the-sacred-experience/,2026-04-05
https://mantrapuja.com/blog/what-are-the-traditional-gudi-padwa-art-forms,2026-04-04
https://mantrapuja.com/blog/what-are-the-traditional-gudi-padwa-art-forms/,2026-04-04
https://mantrapuja.com/blog/where-to-experience-gudi-padwa-celebrations-outside-india,2026-04-04
https://mantrapuja.com/blog/where-to-experience-gudi-padwa-celebrations-outside-india/,2026-04-04
https://mantrapuja.com/blog/how-the-golden-temple-amritsar-captivates-every-traveler,2026-04-04
https://mantrapuja.com/blog/how-the-golden-temple-amritsar-captivates-every-traveler/,2026-04-04
https://mantrapuja.com/blog/where-ramnavami-vrat-culminates-in-offering-special-bhog-to-lord-rama-presenting-delicacies-with-devotion,2026-04-04
https://mantrapuja.com/blog/where-ramnavami-vrat-culminates-in-offering-special-bhog-to-lord-rama-presenting-delicacies-with-devotion/,2026-04-04
https://mantrapuja.com/blog/what-makes-holi-a-unique-celebration-compared-to-other-festivals/,2026-04-04
https://mantrapuja.com/blog/how-to-safely-begin-hanuman-chalisa-recitation-precautions-tips/,2026-04-04
https://mantrapuja.com/blog/what-ramnavami-symbolizes-for-spiritual-awakening-awakening-the-inner-light-of-consciousness-wisdom-and-divinity,2026-04-04
https://mantrapuja.com/blog/what-ramnavami-symbolizes-for-spiritual-awakening-awakening-the-inner-light-of-consciousness-wisdom-and-divinity/,2026-04-04
https://mantrapuja.com/blog/when-gudi-padwa-brings-joy-to-homes-creating-festive-atmospheres-with-decor,2026-04-03
https://mantrapuja.com/blog/when-gudi-padwa-brings-joy-to-homes-creating-festive-atmospheres-with-decor/,2026-04-03
https://mantrapuja.com/blog/how-baglamukhi-chalisa-promotes-karmic-healing-insights-benefits,2026-04-03
https://mantrapuja.com/blog/how-baglamukhi-chalisa-promotes-karmic-healing-insights-benefits/,2026-04-03
https://mantrapuja.com/blog/how-gudi-padwa-reflects-ancient-wisdom-mythological-tales-and-legends,2026-04-03
https://mantrapuja.com/blog/how-gudi-padwa-reflects-ancient-wisdom-mythological-tales-and-legends/,2026-04-03
https://mantrapuja.com/blog/when-did-baisakhi-festivities-start-incorporating-charity-drives-giving-back-to-the-less-fortunate,2026-04-03
https://mantrapuja.com/blog/when-did-baisakhi-festivities-start-incorporating-charity-drives-giving-back-to-the-less-fortunate/,2026-04-03
https://mantrapuja.com/blog/how-sikh-gurus-shaped-golden-temple-amritsar-landmark-contributions,2026-04-03
https://mantrapuja.com/blog/how-sikh-gurus-shaped-golden-temple-amritsar-landmark-contributions/,2026-04-03
https://mantrapuja.com/blog/how-bhairav-chalisa-enhances-protection-and-prosperity-rituals,2026-04-02
https://mantrapuja.com/blog/how-bhairav-chalisa-enhances-protection-and-prosperity-rituals/,2026-04-02
https://mantrapuja.com/blog/history-of-shakti-peeth,2026-04-02
https://mantrapuja.com/blog/history-of-shakti-peeth/,2026-04-02
https://mantrapuja.com/blog/history-of-the-golden-temple-in-amritsar,2026-04-02
https://mantrapuja.com/blog/history-of-the-golden-temple-in-amritsar/,2026-04-02
https://mantrapuja.com/blog/when-baisakhi-traditions-merge-with-environmental-conservation-efforts-promoting-sustainability,2026-04-02
https://mantrapuja.com/blog/when-baisakhi-traditions-merge-with-environmental-conservation-efforts-promoting-sustainability/,2026-04-02
https://mantrapuja.com/blog/maha-shivratri-kaise-manaye,2026-04-02
https://mantrapuja.com/blog/maha-shivratri-kaise-manaye/,2026-04-02
https://mantrapuja.com/blog/where-to-experience-gudi-padwa-cultural-performances,2026-04-02
https://mantrapuja.com/blog/where-to-experience-gudi-padwa-cultural-performances/,2026-04-02
https://mantrapuja.com/blog/ramnavami-celebration-in-schools,2026-04-02
https://mantrapuja.com/blog/ramnavami-celebration-in-schools/,2026-04-02
https://mantrapuja.com/blog/how-golden-temple-amritsar-captivates-with-its-golden-adornments,2026-04-02
https://mantrapuja.com/blog/how-golden-temple-amritsar-captivates-with-its-golden-adornments/,2026-04-02
https://mantrapuja.com/blog/where-ramnavami-celebrations-incorporate-kirtan-and-bhajan-sessions-elevating-consciousness-through-sacred-music,2026-04-02
https://mantrapuja.com/blog/where-ramnavami-celebrations-incorporate-kirtan-and-bhajan-sessions-elevating-consciousness-through-sacred-music/,2026-04-02
https://mantrapuja.com/blog/how-baisakhi-symbolizes-the-harvest-season-connecting-with-agricultural-traditions,2026-04-02
https://mantrapuja.com/blog/how-baisakhi-symbolizes-the-harvest-season-connecting-with-agricultural-traditions/,2026-04-02
https://mantrapuja.com/blog/what-ramnavami-teaches-us-about-gratitude-cultivating-a-heart-of-thankfulness-for-lifes-blessings,2026-04-02
https://mantrapuja.com/blog/what-ramnavami-teaches-us-about-gratitude-cultivating-a-heart-of-thankfulness-for-lifes-blessings/,2026-04-02
https://mantrapuja.com/blog/how-golden-temple-amritsar-is-preserved-preservation-and-restoration-efforts,2026-04-02
https://mantrapuja.com/blog/how-golden-temple-amritsar-is-preserved-preservation-and-restoration-efforts/,2026-04-02
https://mantrapuja.com/blog/where-ramnavami-celebrations-showcase-cultural-performances-and-ramlila-dramas-celebrating-the-vibrancy-of-hindu-heritage,2026-04-02
https://mantrapuja.com/blog/where-ramnavami-celebrations-showcase-cultural-performances-and-ramlila-dramas-celebrating-the-vibrancy-of-hindu-heritage/,2026-04-02
https://mantrapuja.com/blog/what-are-the-health-benefits-of-baisakhi-foods-nutritional-value-of-traditional-dishes,2026-04-02
https://mantrapuja.com/blog/what-are-the-health-benefits-of-baisakhi-foods-nutritional-value-of-traditional-dishes/,2026-04-02
https://mantrapuja.com/blog/how-baisakhi-inspires-acts-of-compassion-extending-kindness-to-those-in-need,2026-04-02
https://mantrapuja.com/blog/how-baisakhi-inspires-acts-of-compassion-extending-kindness-to-those-in-need/,2026-04-02
https://mantrapuja.com/blog/how-baglamukhi-chalisa-amplifies-cultural-significance-in-hindu-traditions/,2026-04-02
https://mantrapuja.com/blog/what-to-pack-for-a-holi-festival-essentials-for-a-day-of-color,2026-04-02
https://mantrapuja.com/blog/what-to-pack-for-a-holi-festival-essentials-for-a-day-of-color/,2026-04-02
https://mantrapuja.com/blog/where-gudi-padwa-sparks-cultural-pride-celebrating-maharashtrian-identity-with-fervor,2026-04-02
https://mantrapuja.com/blog/where-gudi-padwa-sparks-cultural-pride-celebrating-maharashtrian-identity-with-fervor/,2026-04-02
https://mantrapuja.com/blog/what-ramnavami-teaches-us-about-dharma-upholding-righteousness-in-every-action/,2026-04-01
https://mantrapuja.com/blog/where-to-learn-gudi-padwa-traditional-crafts,2026-04-01
https://mantrapuja.com/blog/where-to-learn-gudi-padwa-traditional-crafts/,2026-04-01
https://mantrapuja.com/blog/how-to-plan-surprise-for-gudi-padwa,2026-04-01
https://mantrapuja.com/blog/how-to-plan-surprise-for-gudi-padwa/,2026-04-01
https://mantrapuja.com/blog/when-gudi-padwa-captures-the-essence-of-joy-spreading-happiness-and-cheer,2026-04-01
https://mantrapuja.com/blog/when-gudi-padwa-captures-the-essence-of-joy-spreading-happiness-and-cheer/,2026-04-01
https://mantrapuja.com/blog/how-ramnavami-inspires-acts-of-environmental-conservation-advocating-for-the-protection-and-preservation-of-mother-nature,2026-04-01
https://mantrapuja.com/blog/how-ramnavami-inspires-acts-of-environmental-conservation-advocating-for-the-protection-and-preservation-of-mother-nature/,2026-04-01
https://mantrapuja.com/blog/when-is-baisakhi-celebrated-and-why-understanding-the-religious-significance,2026-04-01
https://mantrapuja.com/blog/when-is-baisakhi-celebrated-and-why-understanding-the-religious-significance/,2026-04-01
https://mantrapuja.com/blog/how-bhairav-chalisa-resonates-today-modern-applications-and-interpretations,2026-04-01
https://mantrapuja.com/blog/how-bhairav-chalisa-resonates-today-modern-applications-and-interpretations/,2026-04-01
https://mantrapuja.com/blog/where-ramnavami-celebrations-extend-to-remote-villages-and-hamlets-spreading-joy-and-festivity-to-every-corner,2026-04-01
https://mantrapuja.com/blog/where-ramnavami-celebrations-extend-to-remote-villages-and-hamlets-spreading-joy-and-festivity-to-every-corner/,2026-04-01
https://mantrapuja.com/blog/how-to-stay-focused-and-devoted-in-hanuman-chalisa-recitation,2026-04-01
https://mantrapuja.com/blog/how-to-stay-focused-and-devoted-in-hanuman-chalisa-recitation/,2026-04-01
https://mantrapuja.com/blog/how-to-create-a-sacred-atmosphere-for-bhairav-chalisa-recitation-2,2026-04-01
https://mantrapuja.com/blog/how-to-create-a-sacred-atmosphere-for-bhairav-chalisa-recitation-2/,2026-04-01
https://mantrapuja.com/blog/how-baisakhi-inspires-acts-of-generosity-charitable-initiatives-during-the-festival,2026-04-01
https://mantrapuja.com/blog/how-baisakhi-inspires-acts-of-generosity-charitable-initiatives-during-the-festival/,2026-04-01
https://mantrapuja.com/blog/why-holi-is-celebrated-with-colors-the-symbolism-explained,2026-04-01
https://mantrapuja.com/blog/why-holi-is-celebrated-with-colors-the-symbolism-explained/,2026-04-01
https://mantrapuja.com/blog/history-of-swaminarayan-akshardham-temple-in-delhi,2026-04-01
https://mantrapuja.com/blog/history-of-swaminarayan-akshardham-temple-in-delhi/,2026-04-01
https://mantrapuja.com/blog/when-baisakhi-festivities-transform-ordinary-days-into-extraordinary-memories-creating-moments-of-joy,2026-04-01
https://mantrapuja.com/blog/when-baisakhi-festivities-transform-ordinary-days-into-extraordinary-memories-creating-moments-of-joy/,2026-04-01
https://mantrapuja.com/blog/history-of-shakti-peeth-3,2026-04-01
https://mantrapuja.com/blog/history-of-shakti-peeth-3/,2026-04-01
https://mantrapuja.com/blog/bhole-nath-ki-aarti-shiv-aarti,2026-04-01
https://mantrapuja.com/blog/bhole-nath-ki-aarti-shiv-aarti/,2026-04-01
https://mantrapuja.com/blog/celebrating-love-and-devotion-understanding-the-vat-savitri-pooja-ritual,2026-04-01
https://mantrapuja.com/blog/celebrating-love-and-devotion-understanding-the-vat-savitri-pooja-ritual/,2026-04-01
https://mantrapuja.com/blog/the-divine-vibration-exploring-the-power-of-shiv-tandav-stotram,2026-04-01
https://mantrapuja.com/blog/the-divine-vibration-exploring-the-power-of-shiv-tandav-stotram/,2026-04-01
https://mantrapuja.com/blog/how-hanuman-chalisa-unlocks-inner-strength-find-courage,2026-04-01
https://mantrapuja.com/blog/how-hanuman-chalisa-unlocks-inner-strength-find-courage/,2026-04-01
https://mantrapuja.com/blog/when-gudi-padwa-inspires-acts-of-kindness-spreading-joy-and-goodwill,2026-04-01
https://mantrapuja.com/blog/when-gudi-padwa-inspires-acts-of-kindness-spreading-joy-and-goodwill/,2026-04-01
https://mantrapuja.com/blog/where-to-experience-baisakhi-crafts-and-artisanal-products-artistic-heritage,2026-04-01
https://mantrapuja.com/blog/where-to-experience-baisakhi-crafts-and-artisanal-products-artistic-heritage/,2026-04-01
https://mantrapuja.com/blog/where-ramnavami-vrat-culminates-in-community-seva-activities-extending-help-to-the-underprivileged,2026-04-01
https://mantrapuja.com/blog/where-ramnavami-vrat-culminates-in-community-seva-activities-extending-help-to-the-underprivileged/,2026-04-01
https://mantrapuja.com/blog/how-to-connect-with-lord-hanuman-mastering-hanuman-chalisa,2026-04-01
https://mantrapuja.com/blog/how-to-connect-with-lord-hanuman-mastering-hanuman-chalisa/,2026-04-01
https://mantrapuja.com/blog/history-of-sri-jagannath-puri-temple-in-odisha-2,2026-04-01
https://mantrapuja.com/blog/history-of-sri-jagannath-puri-temple-in-odisha-2/,2026-04-01
https://mantrapuja.com/blog/where-ramnavami-vrat-culminates-in-community-feasts-sharing-abundance-with-all,2026-04-01
https://mantrapuja.com/blog/where-ramnavami-vrat-culminates-in-community-feasts-sharing-abundance-with-all/,2026-04-01
https://mantrapuja.com/blog/how-bhairav-chalisa-sparks-inner-transformation-ritual-insights,2026-04-01
https://mantrapuja.com/blog/how-bhairav-chalisa-sparks-inner-transformation-ritual-insights/,2026-04-01
https://mantrapuja.com/blog/where-gudi-padwa-celebrations-embrace-diversity-welcoming-all-to-partake-in-festivities,2026-03-31
https://mantrapuja.com/blog/where-gudi-padwa-celebrations-embrace-diversity-welcoming-all-to-partake-in-festivities/,2026-03-31
https://mantrapuja.com/blog/what-ramnavami-teaches-us-about-dharma-upholding-righteousness-in-every-action,2026-03-31
https://mantrapuja.com/blog/history-of-dilwara-temples-in-mount-abu,2026-03-31
https://mantrapuja.com/blog/history-of-dilwara-temples-in-mount-abu/,2026-03-31
https://mantrapuja.com/blog/how-to-navigate-golden-temple-amritsars-sarovars-tips-for-exploring-the-sacred-ponds,2026-03-31
https://mantrapuja.com/blog/how-to-navigate-golden-temple-amritsars-sarovars-tips-for-exploring-the-sacred-ponds/,2026-03-31
https://mantrapuja.com/blog/how-gudi-padwa-rituals-influence-urban-planning-and-architecture,2026-03-31
https://mantrapuja.com/blog/how-gudi-padwa-rituals-influence-urban-planning-and-architecture/,2026-03-31
https://mantrapuja.com/blog/how-golden-temple-amritsar-weaves-history-and-legends,2026-03-31
https://mantrapuja.com/blog/how-golden-temple-amritsar-weaves-history-and-legends/,2026-03-31
https://mantrapuja.com/blog/ramnavami-special-offers-on-clothing/,2026-03-31
https://mantrapuja.com/blog/how-golden-temple-amritsar-glows-thousands-of-lights-illuminating-the-night,2026-03-31
https://mantrapuja.com/blog/how-golden-temple-amritsar-glows-thousands-of-lights-illuminating-the-night/,2026-03-31
https://mantrapuja.com/contactUs,2026-03-31
https://mantrapuja.com/blog/how-to-honor-the-sacredness-of-kashi-vishvanath-temple-exploring-its-significance,2026-03-31
https://mantrapuja.com/blog/how-to-honor-the-sacredness-of-kashi-vishvanath-temple-exploring-its-significance/,2026-03-31
https://mantrapuja.com/blog/how-to-interpret-bhairav-chalisa-unlocking-verses-meanings,2026-03-31
https://mantrapuja.com/blog/how-to-interpret-bhairav-chalisa-unlocking-verses-meanings/,2026-03-31
https://mantrapuja.com/blog/how-gudi-padwa-inspires-philanthropy-supporting-causes-during-the-festive-season,2026-03-31
https://mantrapuja.com/blog/how-gudi-padwa-inspires-philanthropy-supporting-causes-during-the-festive-season/,2026-03-31
https://mantrapuja.com/blog/ramnavami-songs-and-bhajans,2026-03-31
https://mantrapuja.com/blog/ramnavami-songs-and-bhajans/,2026-03-31
https://mantrapuja.com/blog/how-devotees-circle-the-golden-temple-amritsar-sacred-circumambulation/,2026-03-31
https://mantrapuja.com/blog/when-did-baisakhi-rituals-begin-to-include-online-competitions-engaging-in-friendly-competition-virtually,2026-03-31
https://mantrapuja.com/blog/when-did-baisakhi-rituals-begin-to-include-online-competitions-engaging-in-friendly-competition-virtually/,2026-03-31
http://mantrapuja.com/blog/kalkaleshwar-mahadev/,2026-03-31
https://mantrapuja.com/blog/kalkaleshwar-mahadev,2026-03-31
https://mantrapuja.com/blog/kalkaleshwar-mahadev/,2026-03-31
https://mantrapuja.com/blog/why-holi-is-a-celebration-of-lifes-continual-renewal,2026-03-31
https://mantrapuja.com/blog/why-holi-is-a-celebration-of-lifes-continual-renewal/,2026-03-31
https://mantrapuja.com/blog/ramnavami-story-for-kids,2026-03-30
https://mantrapuja.com/blog/ramnavami-story-for-kids/,2026-03-30
https://mantrapuja.com/blog/how-facilities-for-pilgrims-with-special-needs-enhance-golden-temple-amritsar,2026-03-30
https://mantrapuja.com/blog/how-facilities-for-pilgrims-with-special-needs-enhance-golden-temple-amritsar/,2026-03-30
https://mantrapuja.com/blog/what-insights-can-we-gain-from-the-legends-surrounding-holi,2026-03-30
https://mantrapuja.com/blog/what-insights-can-we-gain-from-the-legends-surrounding-holi/,2026-03-30
https://mantrapuja.com/blog/how-baglamukhi-chalisa-amplifies-cultural-significance-in-hindu-traditions,2026-03-30
https://mantrapuja.com/blog/history-of-sri-ranganathaswamy-temple-in-srirangapatna-2,2026-03-30
https://mantrapuja.com/blog/history-of-sri-ranganathaswamy-temple-in-srirangapatna-2/,2026-03-30
https://mantrapuja.com/blog/how-to-participate-in-holi-even-if-youre-far-from-india,2026-03-30
https://mantrapuja.com/blog/how-to-participate-in-holi-even-if-youre-far-from-india/,2026-03-30
https://mantrapuja.com/blog/how-to-make-natural-holi-colors-a-step-by-step-guide,2026-03-30
https://mantrapuja.com/blog/how-to-make-natural-holi-colors-a-step-by-step-guide/,2026-03-30
https://mantrapuja.com/blog/what-are-the-historical-origins-of-gudi-padwa,2026-03-30
https://mantrapuja.com/blog/what-are-the-historical-origins-of-gudi-padwa/,2026-03-30
https://mantrapuja.com/blog/how-baisakhi-reminds-us-of-cultural-diversity-embracing-pluralism-and-inclusivity,2026-03-30
https://mantrapuja.com/blog/how-baisakhi-reminds-us-of-cultural-diversity-embracing-pluralism-and-inclusivity/,2026-03-30
https://mantrapuja.com/blog/ramnavami-special-offers-on-clothing,2026-03-30
https://mantrapuja.com/blog/exploring-the-timeless-wisdom-of-the-shrimad-bhagwat-geeta,2026-03-30
https://mantrapuja.com/blog/exploring-the-timeless-wisdom-of-the-shrimad-bhagwat-geeta/,2026-03-30
https://mantrapuja.com/blog/how-kashi-vishvanath-became-the-city-of-light-kashi-vishvanath/,2026-03-30
https://mantrapuja.com/blog/low-budget-plan-to-visit-ram-mandir-in-ayodhya-uttar-pradesh-in-2024-2,2026-03-29
https://mantrapuja.com/blog/low-budget-plan-to-visit-ram-mandir-in-ayodhya-uttar-pradesh-in-2024-2/,2026-03-29
https://mantrapuja.com/blog/embracing-prosperity-an-exploration-of-ashta-lakshmi-and-its-significance,2026-03-29
https://mantrapuja.com/blog/embracing-prosperity-an-exploration-of-ashta-lakshmi-and-its-significance/,2026-03-29
https://mantrapuja.com/blog/what-ramnavami-symbolizes-for-spiritual-evolution-signifying-the-journey-of-the-soul-towards-enlightenment-and-self-realization,2026-03-29
https://mantrapuja.com/blog/what-ramnavami-symbolizes-for-spiritual-evolution-signifying-the-journey-of-the-soul-towards-enlightenment-and-self-realization/,2026-03-29
https://mantrapuja.com/blog/history-of-virupaksha-temple-in-hampi,2026-03-29
https://mantrapuja.com/blog/history-of-virupaksha-temple-in-hampi/,2026-03-29
https://mantrapuja.com/blog/how-hanuman-chalisa-unveils-symbolism-allegories-insights,2026-03-29
https://mantrapuja.com/blog/how-hanuman-chalisa-unveils-symbolism-allegories-insights/,2026-03-29
https://mantrapuja.com/blog/what-unique-traditions-make-holi-a-global-phenomenon,2026-03-29
https://mantrapuja.com/blog/what-unique-traditions-make-holi-a-global-phenomenon/,2026-03-29
https://mantrapuja.com/blog/how-devotees-experience-spiritual-purification-at-golden-temple-amritsar,2026-03-29
https://mantrapuja.com/blog/how-devotees-experience-spiritual-purification-at-golden-temple-amritsar/,2026-03-29
https://mantrapuja.com/blog/what-gudi-padwa-reveals-about-indias-cultural-tapestry-diversity-in-unity,2026-03-29
https://mantrapuja.com/blog/what-gudi-padwa-reveals-about-indias-cultural-tapestry-diversity-in-unity/,2026-03-29
https://mantrapuja.com/blog/maha-shivratri-par-kaise-shivji-ko-prasann-kare,2026-03-29
https://mantrapuja.com/blog/maha-shivratri-par-kaise-shivji-ko-prasann-kare/,2026-03-29
https://mantrapuja.com/blog/how-hanuman-chalisa-unraveling-protection-and-courage,2026-03-29
https://mantrapuja.com/blog/how-hanuman-chalisa-unraveling-protection-and-courage/,2026-03-29
https://mantrapuja.com/blog/how-to-prepare-sacred-holi-ka-prasad-recipes-and-rituals,2026-03-29
https://mantrapuja.com/blog/how-to-prepare-sacred-holi-ka-prasad-recipes-and-rituals/,2026-03-29
https://mantrapuja.com/blog/history-of-sri-ranganathaswamy-temple-in-srirangapatna,2026-03-29
https://mantrapuja.com/blog/history-of-sri-ranganathaswamy-temple-in-srirangapatna/,2026-03-29
https://mantrapuja.com/blog/history-of-mahakali-temple-2,2026-03-29
https://mantrapuja.com/blog/history-of-mahakali-temple-2/,2026-03-29
https://mantrapuja.com/blog/what-are-the-folklore-and-legends-behind-gudi-padwa,2026-03-29
https://mantrapuja.com/blog/what-are-the-folklore-and-legends-behind-gudi-padwa/,2026-03-29
https://mantrapuja.com/blog/history-of-swaminarayan-akshardham-temple-in-delhi-2,2026-03-29
https://mantrapuja.com/blog/history-of-swaminarayan-akshardham-temple-in-delhi-2/,2026-03-29
https://mantrapuja.com/blog/harmonizing-your-home-the-significance-of-griha-pravesh-pooja,2026-03-29
https://mantrapuja.com/blog/harmonizing-your-home-the-significance-of-griha-pravesh-pooja/,2026-03-29
https://mantrapuja.com/blog/how-golden-temple-amritsars-amrit-sarovar-water-heals-worshippers,2026-03-29
https://mantrapuja.com/blog/how-golden-temple-amritsars-amrit-sarovar-water-heals-worshippers/,2026-03-29
https://mantrapuja.com/blog/what-are-the-psychological-benefits-of-gudi-padwa-celebrations,2026-03-29
https://mantrapuja.com/blog/what-are-the-psychological-benefits-of-gudi-padwa-celebrations/,2026-03-29
https://mantrapuja.com/blog/when-ramnavami-mythology-reverberates-through-ancient-tales-exploring-stories-of-valor-and-virtue,2026-03-29
https://mantrapuja.com/blog/when-ramnavami-mythology-reverberates-through-ancient-tales-exploring-stories-of-valor-and-virtue/,2026-03-29
https://mantrapuja.com/blog/how-baglamukhi-chalisa-enhances-navratri-celebrations,2026-03-29
https://mantrapuja.com/blog/how-baglamukhi-chalisa-enhances-navratri-celebrations/,2026-03-29
https://mantrapuja.com/blog/unveiling-mythology-an-in-depth-look-at-ramayana-the-legend-of-prince-rama,2026-03-29
https://mantrapuja.com/blog/unveiling-mythology-an-in-depth-look-at-ramayana-the-legend-of-prince-rama/,2026-03-29
https://mantrapuja.com/blog/ramnavami-katha-in-punjabi,2026-03-28
https://mantrapuja.com/blog/ramnavami-katha-in-punjabi/,2026-03-28
https://mantrapuja.com/blog/how-bhairav-chalisa-enhances-protection-and-prosperity-unveiling-its-ritualistic-significance,2026-03-28
https://mantrapuja.com/blog/how-bhairav-chalisa-enhances-protection-and-prosperity-unveiling-its-ritualistic-significance/,2026-03-28
https://mantrapuja.com/blog/why-is-holi-celebrated-at-the-full-moon-astronomical-significance-explored,2026-03-28
https://mantrapuja.com/blog/why-is-holi-celebrated-at-the-full-moon-astronomical-significance-explored/,2026-03-28
https://mantrapuja.com/blog/unlocking-the-epic-wisdom-of-the-mahabharat-lessons-for-the-modern-world,2026-03-28
https://mantrapuja.com/blog/unlocking-the-epic-wisdom-of-the-mahabharat-lessons-for-the-modern-world/,2026-03-28
https://mantrapuja.com/contact?subject=Custom Ritual in Dwarka,2026-03-28
https://mantrapuja.com/blog/what-are-the-rituals-associated-with-gudi-padwa,2026-03-28
https://mantrapuja.com/blog/what-are-the-rituals-associated-with-gudi-padwa/,2026-03-28
https://mantrapuja.com/blog/how-to-celebrate-holi-if-youre-away-from-home,2026-03-28
https://mantrapuja.com/blog/how-to-celebrate-holi-if-youre-away-from-home/,2026-03-28
https://mantrapuja.com/blog/history-of-gomateshwara-statue-temple-in-shravanabelagola,2026-03-28
https://mantrapuja.com/blog/history-of-gomateshwara-statue-temple-in-shravanabelagola/,2026-03-28
https://mantrapuja.com/blog/how-bhairav-chalisa-inspires-protection-fearlessness,2026-03-28
https://mantrapuja.com/blog/how-bhairav-chalisa-inspires-protection-fearlessness/,2026-03-28
https://mantrapuja.com/blog/jai-ganesh-jai-ganesh-jai-ganesh-deva-aarti-of-lord-ganesh,2026-03-28
https://mantrapuja.com/blog/jai-ganesh-jai-ganesh-jai-ganesh-deva-aarti-of-lord-ganesh/,2026-03-28
https://mantrapuja.com/blog/history-of-trimbakeshwar-in-maharashtra,2026-03-28
https://mantrapuja.com/blog/history-of-trimbakeshwar-in-maharashtra/,2026-03-28
https://mantrapuja.com/blog/how-hanuman-chalisa-devotees-share-testimonials-experiences/,2026-03-27
https://mantrapuja.com/blog/what-baisakhi-represents-for-punjabi-culture-embracing-heritage-and-tradition,2026-03-27
https://mantrapuja.com/blog/what-baisakhi-represents-for-punjabi-culture-embracing-heritage-and-tradition/,2026-03-27
https://mantrapuja.com/blog/where-gudi-padwa-encourages-cultural-exchange-embracing-diversity-in-celebrations,2026-03-27
https://mantrapuja.com/blog/where-gudi-padwa-encourages-cultural-exchange-embracing-diversity-in-celebrations/,2026-03-27
https://mantrapuja.com/blog/ramnavami-celebration-in-lord-rama-temples,2026-03-27
https://mantrapuja.com/blog/ramnavami-celebration-in-lord-rama-temples/,2026-03-27
https://mantrapuja.com/blog/understanding-pitru-dosha-pooja-a-guide-to-ancestral-reverence,2026-03-27
https://mantrapuja.com/blog/understanding-pitru-dosha-pooja-a-guide-to-ancestral-reverence/,2026-03-27
https://mantrapuja.com/blog/how-devotion-shapes-golden-temple-amritsars-faithful-narratives,2026-03-27
https://mantrapuja.com/blog/how-devotion-shapes-golden-temple-amritsars-faithful-narratives/,2026-03-27
https://mantrapuja.com/blog/how-baisakhi-festivities-promote-gender-equality-empowering-women-through-participation,2026-03-27
https://mantrapuja.com/blog/how-baisakhi-festivities-promote-gender-equality-empowering-women-through-participation/,2026-03-27
https://mantrapuja.com/blog/how-to-participate-in-special-pujas-at-kashi-vishvanath-insiders-guide,2026-03-27
https://mantrapuja.com/blog/how-to-participate-in-special-pujas-at-kashi-vishvanath-insiders-guide/,2026-03-27
https://mantrapuja.com/blog/what-baisakhi-means-for-punjabi-diaspora-nurturing-cultural-identity-away-from-home,2026-03-27
https://mantrapuja.com/blog/what-baisakhi-means-for-punjabi-diaspora-nurturing-cultural-identity-away-from-home/,2026-03-27
https://mantrapuja.com/blog/why-fasting-during-holi-is-an-act-of-faith-and-devotion,2026-03-27
https://mantrapuja.com/blog/why-fasting-during-holi-is-an-act-of-faith-and-devotion/,2026-03-27
https://mantrapuja.com/blog/what-gudi-padwa-means-for-spiritual-growth-deepening-connection-with-divine-essence,2026-03-27
https://mantrapuja.com/blog/what-gudi-padwa-means-for-spiritual-growth-deepening-connection-with-divine-essence/,2026-03-27
https://mantrapuja.com/contact?subject=Custom Ritual in Mathura,2026-03-27
https://mantrapuja.com/blog/why-holi-is-celebrated-unraveling-the-mysteries-of-holi-ki-kahani,2026-03-27
https://mantrapuja.com/blog/why-holi-is-celebrated-unraveling-the-mysteries-of-holi-ki-kahani/,2026-03-27
https://mantrapuja.com/blog/ramnavami-katha-in-rajasthani,2026-03-27
https://mantrapuja.com/blog/ramnavami-katha-in-rajasthani/,2026-03-27
https://mantrapuja.com/blog/how-hanuman-chalisa-empowers-rituals-for-protection-and-prosperity,2026-03-27
https://mantrapuja.com/blog/how-hanuman-chalisa-empowers-rituals-for-protection-and-prosperity/,2026-03-27
https://mantrapuja.com/blog/how-hanuman-chalisa-enhances-protection-and-prosperity-unveiling-its-ritual-role,2026-03-27
https://mantrapuja.com/blog/how-hanuman-chalisa-enhances-protection-and-prosperity-unveiling-its-ritual-role/,2026-03-27
https://mantrapuja.com/blog/how-baglamukhi-chalisa-enhances-tantric-rituals-and-yantras,2026-03-27
https://mantrapuja.com/blog/how-baglamukhi-chalisa-enhances-tantric-rituals-and-yantras/,2026-03-27
https://mantrapuja.com/blog/how-to-enhance-hanuman-chalisa-recitation-with-mantras-and-mudras,2026-03-27
https://mantrapuja.com/blog/how-to-enhance-hanuman-chalisa-recitation-with-mantras-and-mudras/,2026-03-27
https://mantrapuja.com/blog/where-ramnavami-vrat-culminates-in-offering-prasad-to-the-less-fortunate-sharing-the-blessings-of-lord-ramas-grace-with-those-in-need,2026-03-26
https://mantrapuja.com/blog/where-ramnavami-vrat-culminates-in-offering-prasad-to-the-less-fortunate-sharing-the-blessings-of-lord-ramas-grace-with-those-in-need/,2026-03-26
https://mantrapuja.com/blog/how-gudi-padwa-inspires-creativity-and-innovation,2026-03-26
https://mantrapuja.com/blog/how-gudi-padwa-inspires-creativity-and-innovation/,2026-03-26
https://mantrapuja.com/blog/what-philosophical-lessons-can-we-learn-from-holi/,2026-03-26
https://mantrapuja.com/blog/what-gudi-padwa-represents-for-children-learning-values-through-festive-traditions/,2026-03-26
https://mantrapuja.com/blog/how-to-create-a-holi-experience-at-home-for-those-who-cant-attend-public-events,2026-03-26
https://mantrapuja.com/blog/how-to-create-a-holi-experience-at-home-for-those-who-cant-attend-public-events/,2026-03-26
https://mantrapuja.com/blog/when-baisakhi-traditions-encourage-meditation-and-reflection-finding-inner-peace-and-tranquility,2026-03-26
https://mantrapuja.com/blog/when-baisakhi-traditions-encourage-meditation-and-reflection-finding-inner-peace-and-tranquility/,2026-03-26
https://mantrapuja.com/blog/history-of-sri-venkateswara-temple-in-tirupati-2,2026-03-26
https://mantrapuja.com/blog/history-of-sri-venkateswara-temple-in-tirupati-2/,2026-03-26
https://mantrapuja.com/contact?subject=Custom Ritual in Coimbatore,2026-03-26
https://mantrapuja.com/blog/history-of-tripura-sundari-temple,2026-03-26
https://mantrapuja.com/blog/history-of-tripura-sundari-temple/,2026-03-26
https://mantrapuja.com/blog/how-to-follow-golden-temple-amritsar-etiquette-tips-and-rules,2026-03-26
https://mantrapuja.com/blog/how-to-follow-golden-temple-amritsar-etiquette-tips-and-rules/,2026-03-26
https://mantrapuja.com/blog/where-ramnavami-celebrations-include-recitation-of-ramcharitmanas-imbibing-the-teachings-and-lessons-of-lord-ramas-life,2026-03-26
https://mantrapuja.com/blog/where-ramnavami-celebrations-include-recitation-of-ramcharitmanas-imbibing-the-teachings-and-lessons-of-lord-ramas-life/,2026-03-26
https://mantrapuja.com/blog/history-of-sri-padmanabhaswamy-temple-in-trivandrum-2,2026-03-26
https://mantrapuja.com/blog/history-of-sri-padmanabhaswamy-temple-in-trivandrum-2/,2026-03-26
https://mantrapuja.com/blog/history-of-shri-shirdi-sai-baba-sansthan-temple-in-shirdi,2026-03-26
https://mantrapuja.com/blog/history-of-shri-shirdi-sai-baba-sansthan-temple-in-shirdi/,2026-03-26
https://mantrapuja.com/blog/history-of-dilwara-temples-in-mount-abu-2,2026-03-26
https://mantrapuja.com/blog/history-of-dilwara-temples-in-mount-abu-2/,2026-03-26
https://mantrapuja.com/contact?subject=Custom Ritual in Pushkar,2026-03-25
https://mantrapuja.com/blog/how-baglamukhi-chalisa-unfolds-significance-symbolism,2026-03-25
https://mantrapuja.com/blog/how-baglamukhi-chalisa-unfolds-significance-symbolism/,2026-03-25
https://mantrapuja.com/blog/history-of-lotus-temple-in-delhi,2026-03-25
https://mantrapuja.com/blog/history-of-lotus-temple-in-delhi/,2026-03-25
https://mantrapuja.com/blog/om-jai-lakshmi-mata-aarti-of-goddess-lakshmi,2026-03-25
https://mantrapuja.com/blog/om-jai-lakshmi-mata-aarti-of-goddess-lakshmi/,2026-03-25
https://mantrapuja.com/blog/unveiling-the-divine-the-significance-of-rudrabhishek-puja-in-hindu-rituals,2026-03-25
https://mantrapuja.com/blog/unveiling-the-divine-the-significance-of-rudrabhishek-puja-in-hindu-rituals/,2026-03-25
https://mantrapuja.com/blog/history-of-meenakshi-amman-temple-in-madurai,2026-03-25
https://mantrapuja.com/blog/history-of-meenakshi-amman-temple-in-madurai/,2026-03-25
https://mantrapuja.com/blog/where-baisakhi-rituals-merge-with-nature-connecting-with-the-earths-renewal,2026-03-25
https://mantrapuja.com/blog/where-baisakhi-rituals-merge-with-nature-connecting-with-the-earths-renewal/,2026-03-25
https://mantrapuja.com/blog/how-baglamukhi-chalisa-safeguards-devotees-protection-victory,2026-03-25
https://mantrapuja.com/blog/how-baglamukhi-chalisa-safeguards-devotees-protection-victory/,2026-03-25
https://mantrapuja.com/blog/how-to-easily-memorize-hanuman-chalisa-verses-best-methods,2026-03-25
https://mantrapuja.com/blog/how-to-easily-memorize-hanuman-chalisa-verses-best-methods/,2026-03-25
https://mantrapuja.com/blog/why-holi-marks-the-arrival-of-spring-understanding-the-seasonal-connection,2026-03-25
https://mantrapuja.com/blog/why-holi-marks-the-arrival-of-spring-understanding-the-seasonal-connection/,2026-03-25
https://mantrapuja.com/blog/how-hanuman-chalisa-commentaries-illuminate-insights,2026-03-25
https://mantrapuja.com/blog/how-hanuman-chalisa-commentaries-illuminate-insights/,2026-03-25
https://mantrapuja.com/blog/how-baglamukhi-devi-empowers-through-baglamukhi-chalisa,2026-03-25
https://mantrapuja.com/blog/how-baglamukhi-devi-empowers-through-baglamukhi-chalisa/,2026-03-25
https://mantrapuja.com/blog/how-hanuman-chalisa-recitation-unveils-rituals-practices,2026-03-25
https://mantrapuja.com/blog/how-hanuman-chalisa-recitation-unveils-rituals-practices/,2026-03-25
https://mantrapuja.com/blog/what-gudi-padwa-represents-for-children-learning-values-through-festive-traditions,2026-03-25
https://mantrapuja.com/blog/why-holi-is-a-time-to-rejuvenate-your-home-with-spring-cleaning,2026-03-25
https://mantrapuja.com/blog/why-holi-is-a-time-to-rejuvenate-your-home-with-spring-cleaning/,2026-03-25
https://mantrapuja.com/blog/how-symbolic-representations-at-golden-temple-amritsar-illuminate-meaning,2026-03-25
https://mantrapuja.com/blog/how-symbolic-representations-at-golden-temple-amritsar-illuminate-meaning/,2026-03-25
https://mantrapuja.com/blog/how-to-offer-prayers-inside-golden-temple-amritsar-spiritual-guide,2026-03-25
https://mantrapuja.com/blog/how-to-offer-prayers-inside-golden-temple-amritsar-spiritual-guide/,2026-03-25
https://mantrapuja.com/blog/how-to-deepen-your-connection-with-lord-bhairav-bhairav-chalisa-guide,2026-03-25
https://mantrapuja.com/blog/how-to-deepen-your-connection-with-lord-bhairav-bhairav-chalisa-guide/,2026-03-25
https://mantrapuja.com/blog/how-hanuman-chalisa-elevates-inner-transformation-efforts,2026-03-25
https://mantrapuja.com/blog/how-hanuman-chalisa-elevates-inner-transformation-efforts/,2026-03-25
https://mantrapuja.com/blog/when-ramnavami-pooja-vidhi-includes-abhishekam-bathing-lord-ramas-idol-with-holy-water,2026-03-25
https://mantrapuja.com/blog/when-ramnavami-pooja-vidhi-includes-abhishekam-bathing-lord-ramas-idol-with-holy-water/,2026-03-25
https://mantrapuja.com/blog/how-golden-temple-amritsar-draws-millions-unveiling-its-allure,2026-03-25
https://mantrapuja.com/blog/how-golden-temple-amritsar-draws-millions-unveiling-its-allure/,2026-03-25
https://mantrapuja.com/blog/how-ramnavami-inspires-acts-of-seva-serving-humanity-as-an-expression-of-devotion,2026-03-24
https://mantrapuja.com/blog/how-ramnavami-inspires-acts-of-seva-serving-humanity-as-an-expression-of-devotion/,2026-03-24
https://mantrapuja.com/blog/where-to-find-gudi-padwa-special-editions-in-print-media,2026-03-24
https://mantrapuja.com/blog/where-to-find-gudi-padwa-special-editions-in-print-media/,2026-03-24
https://mantrapuja.com/contact?subject=Custom Ritual in Delhi,2026-03-24
https://mantrapuja.com/contact?subject=Custom Ritual in Mumbai,2026-03-24
https://mantrapuja.com/blog/how-gudi-padwa-serves-as-a-reminder-of-gratitude-appreciating-lifes-abundance,2026-03-24
https://mantrapuja.com/blog/how-gudi-padwa-serves-as-a-reminder-of-gratitude-appreciating-lifes-abundance/,2026-03-24
https://mantrapuja.com/blog/how-gudi-padwa-inspires-environmental-consciousness-nurturing-mother-earth,2026-03-24
https://mantrapuja.com/blog/how-gudi-padwa-inspires-environmental-consciousness-nurturing-mother-earth/,2026-03-24
https://mantrapuja.com/blog/history-of-mahakali-temple,2026-03-24
https://mantrapuja.com/blog/history-of-mahakali-temple/,2026-03-24
https://mantrapuja.com/blog/history-of-sri-padmanabhaswamy-temple-in-trivandrum,2026-03-24
https://mantrapuja.com/blog/history-of-sri-padmanabhaswamy-temple-in-trivandrum/,2026-03-24
https://mantrapuja.com/blog/history-of-meenakshi-amman-temple-in-madurai-2,2026-03-24
https://mantrapuja.com/blog/history-of-meenakshi-amman-temple-in-madurai-2/,2026-03-24
https://mantrapuja.com/blog/what-unique-holi-customs-exist-across-different-cultures,2026-03-24
https://mantrapuja.com/blog/what-unique-holi-customs-exist-across-different-cultures/,2026-03-24
https://mantrapuja.com/blog/history-of-brahma-temple-in-pushkar,2026-03-24
https://mantrapuja.com/blog/history-of-brahma-temple-in-pushkar/,2026-03-24
https://mantrapuja.com/contact?subject=Custom Ritual in Kanpur,2026-03-24
https://mantrapuja.com/contact?subject=Custom Ritual in Rameswaram,2026-03-24
https://mantrapuja.com/blog/where-to-experience-the-true-essence-of-gudi-padwa-cultural-hotspots-and-festivals,2026-03-24
https://mantrapuja.com/blog/where-to-experience-the-true-essence-of-gudi-padwa-cultural-hotspots-and-festivals/,2026-03-24
https://mantrapuja.com/blog/celebrating-nag-panchami-understanding-the-significance-of-the-serpent-festival,2026-03-24
https://mantrapuja.com/blog/celebrating-nag-panchami-understanding-the-significance-of-the-serpent-festival/,2026-03-24
https://mantrapuja.com/contact?subject=Custom Ritual in Vindhyachal,2026-03-24
https://mantrapuja.com/blog/what-gudi-padwa-reveals-about-cultural-continuity-preserving-heritage-through-time,2026-03-24
https://mantrapuja.com/contact?subject=Custom Ritual in Jammu (Vaishno Devi),2026-03-24
https://mantrapuja.com/blog/unveiling-the-eight-forms-of-wealth-a-journey-into-ashta-lakshmi,2026-03-24
https://mantrapuja.com/blog/unveiling-the-eight-forms-of-wealth-a-journey-into-ashta-lakshmi/,2026-03-24
https://mantrapuja.com/blog/how-to-boost-baglamukhi-chalisas-power-effective-practices,2026-03-24
https://mantrapuja.com/blog/how-to-boost-baglamukhi-chalisas-power-effective-practices/,2026-03-24
https://mantrapuja.com/contact?subject=Custom Ritual in Bhimashankar,2026-03-24
https://mantrapuja.com/blog/why-holi-offers-a-unique-experience-of-sensory-delight,2026-03-24
https://mantrapuja.com/blog/why-holi-offers-a-unique-experience-of-sensory-delight/,2026-03-24
https://mantrapuja.com/blog/history-of-kandariya-mahadev-temple-in-khajuraho,2026-03-24
https://mantrapuja.com/blog/history-of-kandariya-mahadev-temple-in-khajuraho/,2026-03-24
https://mantrapuja.com/blog/why-holi-celebrations-offer-a-unique-insight-into-hindu-mythology,2026-03-24
https://mantrapuja.com/blog/why-holi-celebrations-offer-a-unique-insight-into-hindu-mythology/,2026-03-24
https://mantrapuja.com/blog/how-to-experience-daily-activities-at-the-golden-temple-amritsar,2026-03-24
https://mantrapuja.com/blog/how-to-experience-daily-activities-at-the-golden-temple-amritsar/,2026-03-24
https://mantrapuja.com/blog/history-of-shakti-peeth-2,2026-03-24
https://mantrapuja.com/blog/history-of-shakti-peeth-2/,2026-03-24
https://mantrapuja.com/blog/how-bhairav-chalisa-enhances-protection-prosperity-insights-rituals,2026-03-24
https://mantrapuja.com/blog/how-bhairav-chalisa-enhances-protection-prosperity-insights-rituals/,2026-03-24
https://mantrapuja.com/blog/when-ramnavami-pooja-vidhi-includes-reading-of-ram-tattva-rasnava-delving-into-the-essence-of-ramas-teachings,2026-03-23
https://mantrapuja.com/blog/when-ramnavami-pooja-vidhi-includes-reading-of-ram-tattva-rasnava-delving-into-the-essence-of-ramas-teachings/,2026-03-23
https://mantrapuja.com/contact?subject=Custom Ritual in Guwahati (Kamakhya),2026-03-23
https://mantrapuja.com/blog/what-philosophical-lessons-can-we-learn-from-holi,2026-03-23
https://mantrapuja.com/blog/jai-ambe-gauri-aarti-of-goddess-durga,2026-03-23
https://mantrapuja.com/blog/jai-ambe-gauri-aarti-of-goddess-durga/,2026-03-23
https://mantrapuja.com/blog/history-of-kandariya-mahadev-temple-in-khajuraho-2,2026-03-23
https://mantrapuja.com/blog/history-of-kandariya-mahadev-temple-in-khajuraho-2/,2026-03-23
https://mantrapuja.com/blog/history-of-siddhivinayak-temple-in-mumbai,2026-03-23
https://mantrapuja.com/blog/history-of-siddhivinayak-temple-in-mumbai/,2026-03-23
https://mantrapuja.com/blog/when-does-gudi-padwa-fall-according-to-the-hindu-calendar,2026-03-23
https://mantrapuja.com/blog/when-does-gudi-padwa-fall-according-to-the-hindu-calendar/,2026-03-23
https://mantrapuja.com/blog/what-gudi-padwa-reveals-about-cultural-continuity-preserving-heritage-through-time/,2026-03-23
https://mantrapuja.com/blog/how-langar-service-at-golden-temple-amritsar-nourishes-both-body-and-soul,2026-03-23
https://mantrapuja.com/blog/how-langar-service-at-golden-temple-amritsar-nourishes-both-body-and-soul/,2026-03-23
https://mantrapuja.com/blog/how-to-uncover-the-mysteries-of-kashi-vishvanath-temple-legends-myths,2026-03-23
https://mantrapuja.com/blog/how-to-uncover-the-mysteries-of-kashi-vishvanath-temple-legends-myths/,2026-03-23
https://mantrapuja.com/blog/exploring-the-divine-legends-a-deep-dive-into-shiv-mahapuran,2026-03-22
https://mantrapuja.com/blog/exploring-the-divine-legends-a-deep-dive-into-shiv-mahapuran/,2026-03-22
https://mantrapuja.com/blog/why-holis-message-of-unity-is-more-relevant-than-ever,2026-03-22
https://mantrapuja.com/blog/why-holis-message-of-unity-is-more-relevant-than-ever/,2026-03-22
https://mantrapuja.com/blog/how-reciting-baglamukhi-chalisa-with-reverence-boosts-devotion,2026-03-22
https://mantrapuja.com/blog/how-reciting-baglamukhi-chalisa-with-reverence-boosts-devotion/,2026-03-22
https://mantrapuja.com/blog/how-the-architectural-beauty-of-golden-temple-amritsar-shines,2026-03-22
https://mantrapuja.com/blog/how-the-architectural-beauty-of-golden-temple-amritsar-shines/,2026-03-22
https://mantrapuja.com/blog/how-hanuman-chalisa-innovates-modern-applications-explored,2026-03-22
https://mantrapuja.com/blog/how-hanuman-chalisa-innovates-modern-applications-explored/,2026-03-22
https://mantrapuja.com/blog/how-architectural-innovations-revive-golden-temple-amritsar,2026-03-22
https://mantrapuja.com/blog/how-architectural-innovations-revive-golden-temple-amritsar/,2026-03-22
https://mantrapuja.com/blog/how-gudi-padwa-celebrations-promote-cultural-exchange,2026-03-22
https://mantrapuja.com/blog/how-gudi-padwa-celebrations-promote-cultural-exchange/,2026-03-22
https://mantrapuja.com/blog/ramnavami-katha-in-oriya,2026-03-22
https://mantrapuja.com/blog/ramnavami-katha-in-oriya/,2026-03-22
https://mantrapuja.com/blog/how-hanuman-chalisa-awakens-divine-qualities-unveiling-attributes,2026-03-22
https://mantrapuja.com/blog/how-hanuman-chalisa-awakens-divine-qualities-unveiling-attributes/,2026-03-22
https://mantrapuja.com/blog/how-golden-temple-amritsar-is-preserved-key-initiatives,2026-03-22
https://mantrapuja.com/blog/how-golden-temple-amritsar-is-preserved-key-initiatives/,2026-03-22
https://mantrapuja.com/blog/how-hanuman-chalisa-inspires-unique-modern-interpretations,2026-03-22
https://mantrapuja.com/blog/how-hanuman-chalisa-inspires-unique-modern-interpretations/,2026-03-22
https://mantrapuja.com/blog/how-hanuman-chalisa-empowers-believers-to-conquer-obstacles,2026-03-22
https://mantrapuja.com/blog/how-hanuman-chalisa-empowers-believers-to-conquer-obstacles/,2026-03-22
https://mantrapuja.com/blog/what-is-the-future-of-holi-celebrations-in-the-digital-age,2026-03-22
https://mantrapuja.com/blog/what-is-the-future-of-holi-celebrations-in-the-digital-age/,2026-03-22
https://mantrapuja.com/blog/how-to-experience-miracles-with-hanuman-chalisa-divine-intervention,2026-03-22
https://mantrapuja.com/blog/how-to-experience-miracles-with-hanuman-chalisa-divine-intervention/,2026-03-22
https://mantrapuja.com/blog/what-role-do-gender-and-age-play-in-holi-celebrations,2026-03-22
https://mantrapuja.com/blog/what-role-do-gender-and-age-play-in-holi-celebrations/,2026-03-22
https://mantrapuja.com/blog/how-devotees-experience-the-spiritual-practice-of-circumambulating-golden-temple-amritsar,2026-03-22
https://mantrapuja.com/blog/how-devotees-experience-the-spiritual-practice-of-circumambulating-golden-temple-amritsar/,2026-03-22
https://mantrapuja.com/blog/exploring-the-mystical-teachings-of-the-shiv-puran,2026-03-22
https://mantrapuja.com/blog/exploring-the-mystical-teachings-of-the-shiv-puran/,2026-03-22
https://mantrapuja.com/blog/when-ramnavami-pooja-vidhi-includes-chanting-of-rama-mantras-harnessing-divine-energy-through-sound,2026-03-22
https://mantrapuja.com/blog/when-ramnavami-pooja-vidhi-includes-chanting-of-rama-mantras-harnessing-divine-energy-through-sound/,2026-03-22
https://mantrapuja.com/blog/exploring-the-epic-the-enduring-legacy-of-ramayana-the-legend-of-prince-rama,2026-03-22
https://mantrapuja.com/blog/exploring-the-epic-the-enduring-legacy-of-ramayana-the-legend-of-prince-rama/,2026-03-22
https://mantrapuja.com/blog/how-reciting-baglamukhi-chalisa-boosts-your-life-benefits-revealed,2026-03-22
https://mantrapuja.com/blog/how-reciting-baglamukhi-chalisa-boosts-your-life-benefits-revealed/,2026-03-22
https://mantrapuja.com/blog/history-of-kedarnath-temple-in-uttarakhand-2,2026-03-22
https://mantrapuja.com/blog/history-of-kedarnath-temple-in-uttarakhand-2/,2026-03-22
https://mantrapuja.com/blog/om-jai-shiv-omkara,2026-03-22
https://mantrapuja.com/blog/om-jai-shiv-omkara/,2026-03-22
https://mantrapuja.com/blog/unveiling-the-cosmic-dance-the-power-of-shiv-tandav,2026-03-22
https://mantrapuja.com/blog/unveiling-the-cosmic-dance-the-power-of-shiv-tandav/,2026-03-22
https://mantrapuja.com/blog/aarti-kije-hanuman-lala-ki-aarti,2026-03-22
https://mantrapuja.com/blog/aarti-kije-hanuman-lala-ki-aarti/,2026-03-22
https://mantrapuja.com/blog/history-of-gomateshwara-statue-temple-in-shravanabelagola-2,2026-03-22
https://mantrapuja.com/blog/history-of-gomateshwara-statue-temple-in-shravanabelagola-2/,2026-03-22
https://mantrapuja.com/blog/exploring-the-rituals-and-significance-of-satyanarayan-pooja,2026-03-21
https://mantrapuja.com/blog/exploring-the-rituals-and-significance-of-satyanarayan-pooja/,2026-03-21
https://mantrapuja.com/blog/exploring-the-epic-narrative-insights-from-the-valmiki-ramayana,2026-03-21
https://mantrapuja.com/blog/exploring-the-epic-narrative-insights-from-the-valmiki-ramayana/,2026-03-21
https://mantrapuja.com/blog/history-of-ayyappa-temple-in-sabarimala,2026-03-21
https://mantrapuja.com/blog/history-of-ayyappa-temple-in-sabarimala/,2026-03-21
https://mantrapuja.com/blog/how-to-incorporate-holi-themes-in-your-creative-projects,2026-03-21
https://mantrapuja.com/blog/how-to-incorporate-holi-themes-in-your-creative-projects/,2026-03-21
https://mantrapuja.com/blog/how-hanuman-chalisa-nurtures-inner-peace-unveiling-its-balance-benefits,2026-03-21
https://mantrapuja.com/blog/how-hanuman-chalisa-nurtures-inner-peace-unveiling-its-balance-benefits/,2026-03-21
https://mantrapuja.com/blog/what-are-the-baisakhi-customs-for-sustainable-living-adopting-eco-friendly-practices-in-daily-life,2026-03-21
https://mantrapuja.com/blog/what-are-the-baisakhi-customs-for-sustainable-living-adopting-eco-friendly-practices-in-daily-life/,2026-03-21
https://mantrapuja.com/blog/when-did-gudi-padwa-rituals-start-incorporating-eco-friendly-practices,2026-03-21
https://mantrapuja.com/blog/when-did-gudi-padwa-rituals-start-incorporating-eco-friendly-practices/,2026-03-21
https://mantrapuja.com/blog/where-to-find-baisakhi-inspired-fashion-trends-traditional-attire-with-a-modern-twist,2026-03-21
https://mantrapuja.com/blog/where-to-find-baisakhi-inspired-fashion-trends-traditional-attire-with-a-modern-twist/,2026-03-21
https://mantrapuja.com/blog/history-of-tarapith-temple-2,2026-03-21
https://mantrapuja.com/blog/history-of-tarapith-temple-2/,2026-03-21
https://mantrapuja.com/blog/why-the-holi-upvas-prakriya-is-more-than-just-fasting,2026-03-21
https://mantrapuja.com/blog/why-the-holi-upvas-prakriya-is-more-than-just-fasting/,2026-03-21
https://mantrapuja.com/blog/unlocking-the-mysteries-of-narayan-nagbali-puja-a-spiritual-journey,2026-03-21
https://mantrapuja.com/blog/unlocking-the-mysteries-of-narayan-nagbali-puja-a-spiritual-journey/,2026-03-21
https://mantrapuja.com/blog/when-did-baisakhi-festivities-incorporate-modern-elements-fusion-of-tradition-and-innovation,2026-03-21
https://mantrapuja.com/blog/when-did-baisakhi-festivities-incorporate-modern-elements-fusion-of-tradition-and-innovation/,2026-03-21
https://mantrapuja.com/blog/maha-shivratri-par-kya-na-kare,2026-03-21
https://mantrapuja.com/blog/maha-shivratri-par-kya-na-kare/,2026-03-21
https://mantrapuja.com/blog/how-hanuman-chalisa-facilitates-karmic-healing-unveiling-its-role,2026-03-20
https://mantrapuja.com/blog/how-hanuman-chalisa-facilitates-karmic-healing-unveiling-its-role/,2026-03-20
https://mantrapuja.com/refundPolicy,2026-03-20
https://mantrapuja.com/blog/how-to-dress-respectfully-at-golden-temple-amritsar-guidelines-tips,2026-03-20
https://mantrapuja.com/blog/how-to-dress-respectfully-at-golden-temple-amritsar-guidelines-tips/,2026-03-20
https://mantrapuja.com/blog/how-to-take-the-holy-dip-at-golden-temple-amritsar-guidelines-tips,2026-03-20
https://mantrapuja.com/blog/how-to-take-the-holy-dip-at-golden-temple-amritsar-guidelines-tips/,2026-03-20
https://mantrapuja.com/blog/how-to-experience-the-golden-temple-amritsar-evening-ceremony,2026-03-20
https://mantrapuja.com/blog/how-to-experience-the-golden-temple-amritsar-evening-ceremony/,2026-03-20
https://mantrapuja.com/blog/where-gudi-padwa-transforms-spaces-into-sanctuaries-of-celebration-decorating-with-delight,2026-03-20
https://mantrapuja.com/blog/where-gudi-padwa-transforms-spaces-into-sanctuaries-of-celebration-decorating-with-delight/,2026-03-20
https://mantrapuja.com/blog/where-gudi-padwa-embarks-on-cultural-journeys-exploring-regional-variations,2026-03-20
https://mantrapuja.com/blog/where-gudi-padwa-embarks-on-cultural-journeys-exploring-regional-variations/,2026-03-20
https://mantrapuja.com/blog/unlocking-the-mysteries-of-shiv-tandav-an-ancient-hymn-of-power-and-devotion,2026-03-20
https://mantrapuja.com/blog/unlocking-the-mysteries-of-shiv-tandav-an-ancient-hymn-of-power-and-devotion/,2026-03-20
https://mantrapuja.com/blog/maha-shivratri-pooja-vidhi-a-simple-guide,2026-03-20
https://mantrapuja.com/blog/maha-shivratri-pooja-vidhi-a-simple-guide/,2026-03-20
https://mantrapuja.com/blog/how-devotion-unveils-miracles-at-kashi-vishvanath-stories-revealed,2026-03-20
https://mantrapuja.com/blog/how-devotion-unveils-miracles-at-kashi-vishvanath-stories-revealed/,2026-03-20
https://mantrapuja.com/blog/how-hanuman-chalisa-impacts-you-scientific-explanations,2026-03-20
https://mantrapuja.com/blog/how-hanuman-chalisa-impacts-you-scientific-explanations/,2026-03-20
https://mantrapuja.com/blog/history-of-maa-vaishno-devi-temple-and-cave-in-jammu-kashmir,2026-03-19
https://mantrapuja.com/blog/history-of-maa-vaishno-devi-temple-and-cave-in-jammu-kashmir/,2026-03-19
https://mantrapuja.com/blog/celebrating-durga-puja-the-triumph-of-good-over-evil,2026-03-19
https://mantrapuja.com/blog/celebrating-durga-puja-the-triumph-of-good-over-evil/,2026-03-19
https://mantrapuja.com/privacy,2026-03-19
https://mantrapuja.com/blog/exploring-the-epic-narrative-insights-into-valmiki-ramayana,2026-03-19
https://mantrapuja.com/blog/exploring-the-epic-narrative-insights-into-valmiki-ramayana/,2026-03-19
https://mantrapuja.com/blog/ramnavami-special-discounts-on-jewelry,2026-03-19
https://mantrapuja.com/blog/ramnavami-special-discounts-on-jewelry/,2026-03-19
https://mantrapuja.com/blog/history-of-kashi-vishvanath-temple-in-varanasi-2,2026-03-19
https://mantrapuja.com/blog/history-of-kashi-vishvanath-temple-in-varanasi-2/,2026-03-19
https://mantrapuja.com/blog/history-of-ranakpur-jain-temple-in-ranakpur-2,2026-03-19
https://mantrapuja.com/blog/history-of-ranakpur-jain-temple-in-ranakpur-2/,2026-03-19
https://mantrapuja.com/blog/the-divine-significance-of-rudrabhishek-puja,2026-03-19
https://mantrapuja.com/blog/the-divine-significance-of-rudrabhishek-puja/,2026-03-19
https://mantrapuja.com/blog/history-of-siddhivinayak-temple-in-mumbai-2,2026-03-19
https://mantrapuja.com/blog/history-of-siddhivinayak-temple-in-mumbai-2/,2026-03-19
https://mantrapuja.com/blog/why-the-story-of-holika-offers-lessons-on-power-and-protection,2026-03-19
https://mantrapuja.com/blog/why-the-story-of-holika-offers-lessons-on-power-and-protection/,2026-03-19
https://mantrapuja.com/blog/how-bhairav-chalisa-is-rediscovered-modern-applications-unveiled,2026-03-19
https://mantrapuja.com/blog/how-bhairav-chalisa-is-rediscovered-modern-applications-unveiled/,2026-03-19
https://mantrapuja.com/blog/ramnavami-katha-in-gujarati/,2026-03-19
https://mantrapuja.com/blog/how-bhairav-chalisa-elevates-inner-transformation-in-rituals,2026-03-19
https://mantrapuja.com/blog/how-bhairav-chalisa-elevates-inner-transformation-in-rituals/,2026-03-19
https://mantrapuja.com/blog/when-ramnavami-pooja-vidhi-includes-recitation-of-ram-bhujangam-stotram-singing-hymns-of-praise-to-lord-ramas-glorious-form,2026-03-19
https://mantrapuja.com/blog/when-ramnavami-pooja-vidhi-includes-recitation-of-ram-bhujangam-stotram-singing-hymns-of-praise-to-lord-ramas-glorious-form/,2026-03-19
https://mantrapuja.com/blog/history-of-sri-venkateswara-temple-in-tirupati,2026-03-18
https://mantrapuja.com/blog/history-of-sri-venkateswara-temple-in-tirupati/,2026-03-18
https://mantrapuja.com/blog/how-to-celebrate-baisakhi-traditional-customs-and-rituals-explained,2026-03-18
https://mantrapuja.com/blog/how-to-celebrate-baisakhi-traditional-customs-and-rituals-explained/,2026-03-18
https://mantrapuja.com/blog/how-holika-dahan-inspires-reflection-and-renewal,2026-03-18
https://mantrapuja.com/blog/how-holika-dahan-inspires-reflection-and-renewal/,2026-03-18
https://mantrapuja.com/blog/history-of-birla-temple-in-jaipur,2026-03-18
https://mantrapuja.com/blog/history-of-birla-temple-in-jaipur/,2026-03-18
https://mantrapuja.com/blog/where-gudi-padwa-sparks-cultural-exchange-learning-from-different-traditions,2026-03-18
https://mantrapuja.com/blog/where-gudi-padwa-sparks-cultural-exchange-learning-from-different-traditions/,2026-03-18
https://mantrapuja.com/blog/how-golden-temple-amritsar-unites-believers-for-peace,2026-03-18
https://mantrapuja.com/blog/how-golden-temple-amritsar-unites-believers-for-peace/,2026-03-18
https://mantrapuja.com/blog/unraveling-the-epic-tale-insights-into-the-mahabharat-katha,2026-03-17
https://mantrapuja.com/blog/unraveling-the-epic-tale-insights-into-the-mahabharat-katha/,2026-03-17
"https://mantrapuja.com/contact?subject=Custom Ritual in Kashi Vishwanath 
(Varanasi)",2026-03-17
https://mantrapuja.com/blog/why-preparing-holi-ka-prasad-is-an-act-of-devotion,2026-03-17
https://mantrapuja.com/blog/why-preparing-holi-ka-prasad-is-an-act-of-devotion/,2026-03-17
https://mantrapuja.com/blog/history-of-kedarnath-temple-in-uttarakhand,2026-03-17
https://mantrapuja.com/blog/history-of-kedarnath-temple-in-uttarakhand/,2026-03-17
https://mantrapuja.com/blog/where-to-learn-baisakhi-folk-dances-and-music-workshops-and-performances,2026-03-17
https://mantrapuja.com/blog/where-to-learn-baisakhi-folk-dances-and-music-workshops-and-performances/,2026-03-17
https://mantrapuja.com/contact?subject=Custom Ritual in Somnath,2026-03-17
https://mantrapuja.com/blog/embracing-prosperity-how-to-perform-lakshami-pooja-for-wealth-and-well-being,2026-03-17
https://mantrapuja.com/blog/embracing-prosperity-how-to-perform-lakshami-pooja-for-wealth-and-well-being/,2026-03-17
https://mantrapuja.com/blog/how-baisakhi-festivities-embrace-technology-virtual-celebrations-and-online-events,2026-03-17
https://mantrapuja.com/blog/how-baisakhi-festivities-embrace-technology-virtual-celebrations-and-online-events/,2026-03-17
https://mantrapuja.com/blog/what-to-remember-when-choosing-flowers-and-colors-for-holi-pooja,2026-03-17
https://mantrapuja.com/blog/what-to-remember-when-choosing-flowers-and-colors-for-holi-pooja/,2026-03-17
https://mantrapuja.com/blog/what-ramnavami-symbolizes-for-spiritual-harmony-cultivating-inner-peace-tranquility-and-balance-through-devotional-practices,2026-03-17
https://mantrapuja.com/blog/what-ramnavami-symbolizes-for-spiritual-harmony-cultivating-inner-peace-tranquility-and-balance-through-devotional-practices/,2026-03-17
https://mantrapuja.com/blog/how-bhairav-chalisa-enhances-protection-and-safety,2026-03-17
https://mantrapuja.com/blog/how-bhairav-chalisa-enhances-protection-and-safety/,2026-03-17
https://mantrapuja.com/blog/what-is-the-story-of-holika-exploring-the-depths-of-holika-ki-katha,2026-03-17
https://mantrapuja.com/blog/what-is-the-story-of-holika-exploring-the-depths-of-holika-ki-katha/,2026-03-17
https://mantrapuja.com/blog/embracing-devotion-unveiling-the-sawan-somvar-vrat-katha-and-its-significance,2026-03-16
https://mantrapuja.com/blog/embracing-devotion-unveiling-the-sawan-somvar-vrat-katha-and-its-significance/,2026-03-16
https://mantrapuja.com/$,2026-03-16
https://mantrapuja.com/blog/history-of-kamakhya-temple-in-guwahati,2026-03-16
https://mantrapuja.com/blog/history-of-kamakhya-temple-in-guwahati/,2026-03-16
https://mantrapuja.com/blog/when-ramnavami-aarti-fills-the-air-with-melodious-chants-invoking-divine-presence-and-grace,2026-03-16
https://mantrapuja.com/blog/when-ramnavami-aarti-fills-the-air-with-melodious-chants-invoking-divine-presence-and-grace/,2026-03-16
https://mantrapuja.com/blog/how-reverence-and-devotion-elevate-bhairav-chalisa-practice,2026-03-16
https://mantrapuja.com/blog/how-reverence-and-devotion-elevate-bhairav-chalisa-practice/,2026-03-16
https://mantrapuja.com/blog/what-are-the-dos-and-donts-of-holika-dahan-ensuring-respectful-observance,2026-03-16
https://mantrapuja.com/blog/what-are-the-dos-and-donts-of-holika-dahan-ensuring-respectful-observance/,2026-03-16
https://mantrapuja.com/contact?subject=Custom Ritual in Prayagraj,2026-03-15
https://mantrapuja.com/blog/what-role-does-music-play-in-elevating-the-holi-experience,2026-03-15
https://mantrapuja.com/blog/what-role-does-music-play-in-elevating-the-holi-experience/,2026-03-15
https://mantrapuja.com/blog/where-ramnavami-celebrations-include-colorful-processions-expressing-devotion-through-parades,2026-03-15
https://mantrapuja.com/blog/where-ramnavami-celebrations-include-colorful-processions-expressing-devotion-through-parades/,2026-03-15
https://mantrapuja.com/blog/history-of-virupaksha-temple-in-hampi-2,2026-03-15
https://mantrapuja.com/blog/history-of-virupaksha-temple-in-hampi-2/,2026-03-15
https://mantrapuja.com/contact?subject=Custom Ritual in Haridwar,2026-03-15
https://mantrapuja.com/blog/how-to-use-mantras-and-mudras-with-bhairav-chalisa-a-comprehensive-guide,2026-03-14
https://mantrapuja.com/blog/how-to-use-mantras-and-mudras-with-bhairav-chalisa-a-comprehensive-guide/,2026-03-14
https://mantrapuja.com/blog/history-of-shore-temple-in-mahabalipuram,2026-03-14
https://mantrapuja.com/blog/history-of-shore-temple-in-mahabalipuram/,2026-03-14
https://mantrapuja.com/blog/how-gudi-padwa-fosters-intergenerational-bonds-sharing-stories-and-memories,2026-03-14
https://mantrapuja.com/blog/how-gudi-padwa-fosters-intergenerational-bonds-sharing-stories-and-memories/,2026-03-14
https://mantrapuja.com/blog/why-holi-offers-a-perfect-opportunity-for-intercultural-exchange,2026-03-14
https://mantrapuja.com/blog/why-holi-offers-a-perfect-opportunity-for-intercultural-exchange/,2026-03-14
https://mantrapuja.com/blog/understanding-ekadashi-vrat-significance-and-rituals,2026-03-14
https://mantrapuja.com/blog/understanding-ekadashi-vrat-significance-and-rituals/,2026-03-14
https://mantrapuja.com/blog/why-holi-is-significant-in-promoting-harmony-and-peace,2026-03-14
https://mantrapuja.com/blog/why-holi-is-significant-in-promoting-harmony-and-peace/,2026-03-14
https://mantrapuja.com/home/getNewProduct,2026-03-14
https://www.mantrapuja.com/contact?subject=Custom Ritual in Jaipur,2026-03-14
https://mantrapuja.com/contact?subject=Custom Ritual in Guruvayur,2026-03-14
https://mantrapuja.com/blog/what-are-the-ethical-considerations-in-sourcing-holi-colors,2026-03-14
https://mantrapuja.com/blog/what-are-the-ethical-considerations-in-sourcing-holi-colors/,2026-03-14
https://mantrapuja.com/blog/what-does-gudi-padwa-symbolize-in-hindu-culture,2026-03-13
https://mantrapuja.com/blog/what-does-gudi-padwa-symbolize-in-hindu-culture/,2026-03-13
https://mantrapuja.com/blog/what-are-the-baisakhi-customs-for-community-feasts-sharing-food-and-joy-with-neighbors,2026-03-13
https://mantrapuja.com/blog/what-are-the-baisakhi-customs-for-community-feasts-sharing-food-and-joy-with-neighbors/,2026-03-13
https://mantrapuja.com/blog/how-baisakhi-celebrations-embrace-music-and-dance-cultural-performances-and-entertainment,2026-03-13
https://mantrapuja.com/blog/how-baisakhi-celebrations-embrace-music-and-dance-cultural-performances-and-entertainment/,2026-03-13
https://mantrapuja.com/blog/how-to-deepen-your-connection-with-lord-hanuman-hanuman-chalisa-devotion,2026-03-13
https://mantrapuja.com/blog/how-to-deepen-your-connection-with-lord-hanuman-hanuman-chalisa-devotion/,2026-03-13
https://mantrapuja.com/blog/history-of-ranakpur-jain-temple-in-ranakpur,2026-03-13
https://mantrapuja.com/blog/history-of-ranakpur-jain-temple-in-ranakpur/,2026-03-13
https://mantrapuja.com/blog/how-baglamukhi-chalisa-transformed-lives-personal-stories-testimonials,2026-03-13
https://mantrapuja.com/blog/how-baglamukhi-chalisa-transformed-lives-personal-stories-testimonials/,2026-03-13
https://mantrapuja.com/blog/what-baisakhi-represents-for-cultural-diversity-embracing-pluralism-and-inclusivity,2026-03-13
https://mantrapuja.com/blog/what-baisakhi-represents-for-cultural-diversity-embracing-pluralism-and-inclusivity/,2026-03-13
https://mantrapuja.com/blog/what-ramnavami-teaches-us-about-virtues-emulating-the-noble-qualities-of-lord-rama,2026-03-13
https://mantrapuja.com/blog/what-ramnavami-teaches-us-about-virtues-emulating-the-noble-qualities-of-lord-rama/,2026-03-13
https://www.mantrapuja.com/contact?subject=Custom Ritual in Thrissur,2026-03-13
https://mantrapuja.com/blog/why-the-holi-festival-is-a-testament-to-the-power-of-community,2026-03-13
https://mantrapuja.com/blog/why-the-holi-festival-is-a-testament-to-the-power-of-community/,2026-03-13
https://mantrapuja.com/blog/how-spiritual-gurus-guide-baglamukhi-chalisa-practice,2026-03-13
https://mantrapuja.com/blog/how-spiritual-gurus-guide-baglamukhi-chalisa-practice/,2026-03-13
https://mantrapuja.com/blog/history-of-shri-shirdi-sai-baba-sansthan-temple-in-shirdi-2,2026-03-13
https://mantrapuja.com/blog/history-of-shri-shirdi-sai-baba-sansthan-temple-in-shirdi-2/,2026-03-13
https://mantrapuja.com/blog/how-ramnavami-inspires-acts-of-environmental-conservation-advocating-for-the-protection-and-preservation-of-mother-natures-beauty-and-bounty,2026-03-13
https://mantrapuja.com/blog/how-ramnavami-inspires-acts-of-environmental-conservation-advocating-for-the-protection-and-preservation-of-mother-natures-beauty-and-bounty/,2026-03-13
https://mantrapuja.com/contact?subject=Custom Ritual in Shirdi,2026-03-13
https://mantrapuja.com/contact?subject=Custom Ritual in Jaipur,2026-03-13
https://mantrapuja.com/contact?subject=Custom Ritual in Rishikesh,2026-03-13
https://mantrapuja.com/contact?subject=Custom Ritual in Ayodhya,2026-03-13
https://mantrapuja.com/blog/how-the-golden-temple-amritsar-shapes-sikhisms-core-exploring-its-significance,2026-03-12
https://mantrapuja.com/blog/how-the-golden-temple-amritsar-shapes-sikhisms-core-exploring-its-significance/,2026-03-12
https://mantrapuja.com/contact?subject=Custom Ritual in Tirupati,2026-03-12
https://mantrapuja.com/contact?subject=Custom Ritual in Gaya,2026-03-12
https://mantrapuja.com/blog/how-deep-meditation-on-hanuman-chalisa-unveils-spiritual-insights,2026-03-12
https://mantrapuja.com/blog/how-deep-meditation-on-hanuman-chalisa-unveils-spiritual-insights/,2026-03-12
https://www.mantrapuja.com/blog/vedic-significance-festivals,2026-03-12
https://www.mantrapuja.com/contact?subject=Custom Ritual in Agartala,2026-03-12
https://mantrapuja.com/blog/how-baglamukhi-chalisa-enhances-tantric-inner-transformation,2026-03-12
https://mantrapuja.com/blog/how-baglamukhi-chalisa-enhances-tantric-inner-transformation/,2026-03-12
https://mantrapuja.com/blog/why-holi-inspires-artists-and-creatives-worldwide,2026-03-12
https://mantrapuja.com/blog/why-holi-inspires-artists-and-creatives-worldwide/,2026-03-12
https://mantrapuja.com/blog/what-ramnavami-symbolizes-in-hinduism-understanding-the-birth-of-the-divine-avatar,2026-03-12
https://mantrapuja.com/blog/what-ramnavami-symbolizes-in-hinduism-understanding-the-birth-of-the-divine-avatar/,2026-03-12
https://mantrapuja.com/blog/how-bhairav-chalisa-shapes-cultural-traditions-regional-insights,2026-03-12
https://mantrapuja.com/blog/how-bhairav-chalisa-shapes-cultural-traditions-regional-insights/,2026-03-12
https://mantrapuja.com/blog/what-are-the-universal-themes-in-holis-stories-that-resonate-worldwide,2026-03-12
https://mantrapuja.com/blog/what-are-the-universal-themes-in-holis-stories-that-resonate-worldwide/,2026-03-12
https://mantrapuja.com/&,2026-03-12
https://mantrapuja.com/blog/where-baisakhi-celebrations-extend-beyond-india-discovering-global-observances,2026-03-12
https://mantrapuja.com/blog/where-baisakhi-celebrations-extend-beyond-india-discovering-global-observances/,2026-03-12
https://mantrapuja.com/blog/how-the-golden-temple-amritsar-unveils-its-iconic-structures,2026-03-12
https://mantrapuja.com/blog/how-the-golden-temple-amritsar-unveils-its-iconic-structures/,2026-03-12
https://mantrapuja.com/blog/how-baglamukhi-chalisa-unleashes-divine-attributes-and-powers,2026-03-12
https://mantrapuja.com/blog/how-baglamukhi-chalisa-unleashes-divine-attributes-and-powers/,2026-03-12
https://www.mantrapuja.com/contact?subject=Custom Ritual in Kolkata,2026-03-11
https://mantrapuja.com/blog/how-hanuman-chalisa-unveils-symbolic-meanings,2026-03-11
https://mantrapuja.com/blog/how-hanuman-chalisa-unveils-symbolic-meanings/,2026-03-11
https://mantrapuja.com/blog/how-baglamukhi-chalisa-unveiling-origin-and-historical-significance,2026-03-11