{
  "ut": {
    "minX": 230.445,
    "maxX": 230.445,
    "minY": 144.77227,
    "maxY": 144.77227,
    "centerX": 230.445,
    "centerY": 144.77227
  },
  "gj": {
    "minX": -0.18799999999999994,
    "maxX": 58.167,
    "minY": 307.74296000000004,
    "maxY": 354.32358,
    "centerX": 28.9895,
    "centerY": 331.03327
  },
  "or": {
    "minX": 331.087,
    "maxX": 391.127,
    "minY": 352.93223,
    "maxY": 392.39185,
    "centerX": 361.10699999999997,
    "centerY": 372.66204
  },
  "tn": {
    "minX": 210.053,
    "maxX": 232.906,
    "minY": 568.11141,
    "maxY": 641.22647,
    "centerX": 221.4795,
    "centerY": 604.66894
  }
}